municipality,product,observations,stations,mean_price,median_price,min_price,max_price,std_price,q1_price,q3_price,price_range,iqr_price
TERESOPOLIS,ETANOL,169,25,3.8169822485207106,3.87,3.3,4.09,0.15377706782147713,3.78,3.89,0.79,0.11000000000000032
ITAGUAI,ETANOL,161,12,4.04583850931677,3.99,3.69,4.89,0.2684179553565,3.87,4.19,1.1999999999999997,0.3200000000000003
DUQUE DE CAXIAS,ETANOL,1634,65,4.333659730722154,4.29,3.49,5.29,0.33629343288382285,4.09,4.59,1.7999999999999998,0.5
NILOPOLIS,ETANOL,974,9,4.356540041067762,4.29,3.59,5.19,0.3165088334680527,4.18,4.49,1.6000000000000005,0.3100000000000005
NITEROI,ETANOL,1976,56,4.322165991902835,4.29,3.45,5.39,0.33280619635378267,4.09,4.59,1.9399999999999995,0.5
NOVA IGUACU,ETANOL,1783,37,4.387223780145821,4.36,3.56,6.39,0.36801829063243896,4.140000000000001,4.61,2.8299999999999996,0.46999999999999975
BELFORD ROXO,ETANOL,886,15,4.38186230248307,4.39,3.49,5.99,0.36309658051361754,4.145,4.59,2.5,0.4450000000000003
ITABORAI,ETANOL,1310,22,4.441549618320611,4.39,3.59,5.49,0.37897811442180024,4.17,4.69,1.9000000000000004,0.5200000000000005
MARICA,ETANOL,886,15,4.396151241534989,4.39,3.59,5.29,0.33448092128651075,4.19,4.59,1.7000000000000002,0.39999999999999947
RIO BONITO,ETANOL,859,9,4.412374854481956,4.39,3.59,5.39,0.3805062804784139,4.09,4.78,1.7999999999999998,0.6900000000000004
SAO GONCALO,ETANOL,1956,59,4.427044989775051,4.39,3.59,5.69,0.41837801532081764,4.15,4.69,2.1000000000000005,0.54
SAO JOAO DE MERITI,ETANOL,1286,23,4.376562986003111,4.39,3.57,5.24,0.3296221258276263,4.19,4.59,1.6700000000000004,0.39999999999999947
NOVA FRIBURGO,ETANOL,1387,21,4.594152847873108,4.49,3.79,5.49,0.33506743694200125,4.35,4.89,1.7000000000000002,0.54
RIO DE JANEIRO,ETANOL,9474,249,4.466561114629512,4.49,3.42,5.99,0.40139516547636567,4.19,4.7775,2.5700000000000003,0.5874999999999995
SANTO ANTONIO DE PADUA,ETANOL,1282,10,4.503588143525741,4.49,3.44,5.89,0.4044217878238679,4.2425,4.79,2.4499999999999997,0.5475000000000003
ITAPERUNA,ETANOL,673,16,4.581173848439822,4.59,3.85,5.39,0.28516644226007565,4.35,4.79,1.5399999999999996,0.4400000000000004
RESENDE,ETANOL,838,19,4.567696897374701,4.59,3.59,5.59,0.390433167849082,4.325,4.89,2.0,0.5649999999999995
SAQUAREMA,ETANOL,971,16,4.56096807415036,4.59,3.79,5.39,0.38156418439725087,4.29,4.89,1.5999999999999996,0.5999999999999996
BARRA MANSA,ETANOL,1289,26,4.653832428238945,4.6,3.89,5.88,0.2831665277834041,4.49,4.79,1.9899999999999998,0.2999999999999998
CAMPOS DOS GOYTACAZES,ETANOL,1126,27,4.584706927175843,4.65,3.99,5.29,0.26745425907739523,4.39,4.79,1.2999999999999998,0.40000000000000036
ARARUAMA,ETANOL,1011,14,4.630306627101879,4.69,3.89,5.49,0.33023784549867025,4.39,4.89,1.6,0.5
VALENCA,ETANOL,434,11,4.697119815668203,4.69,3.99,5.59,0.3335909312295229,4.39,4.99,1.5999999999999996,0.6000000000000005
VOLTA REDONDA,ETANOL,1339,27,4.78008215085885,4.79,3.99,6.09,0.2921643513399197,4.68,4.99,2.0999999999999996,0.3100000000000005
CABO FRIO,ETANOL,1106,20,4.85005424954792,4.89,4.19,5.49,0.30656585179812734,4.58,4.99,1.2999999999999998,0.41000000000000014
BARRA DO PIRAI,ETANOL,467,11,4.923597430406852,4.95,4.35,5.69,0.3513992762141859,4.68,5.28,1.3400000000000007,0.6000000000000005
MACAE,ETANOL,824,11,4.897378640776699,4.975,4.17,5.59,0.29426213478134433,4.59,5.09,1.42,0.5
ANGRA DOS REIS,ETANOL,667,13,5.160104947526237,5.09,4.25,5.89,0.30474942361176216,4.99,5.39,1.6399999999999997,0.39999999999999947
PETROPOLIS,ETANOL,1690,37,5.169118343195266,5.09,4.59,6.39,0.21863182177806517,5.07,5.19,1.7999999999999998,0.1200000000000001
TRES RIOS,ETANOL,721,10,5.162399445214979,5.09,4.59,5.79,0.2415825973306546,4.89,5.39,1.2000000000000002,0.5
TERESOPOLIS,GASOLINA,174,25,5.508448275862069,5.49,5.28,5.89,0.12758044123395038,5.44,5.57,0.6099999999999994,0.1299999999999999
ITAGUAI,GASOLINA,159,12,5.602389937106918,5.59,5.29,6.39,0.22053289636494106,5.47,5.69,1.0999999999999996,0.22000000000000064
NITEROI,GASOLINA,2306,59,5.915381613183001,5.79,4.99,6.99,0.36344657350418136,5.69,6.09,2.0,0.39999999999999947
BELFORD ROXO,GASOLINA,1023,15,5.866050830889541,5.89,5.12,6.89,0.3223741511103269,5.625,5.99,1.7699999999999996,0.3650000000000002
DUQUE DE CAXIAS,GASOLINA,1758,67,5.915278725824801,5.89,5.09,6.99,0.3177114857468887,5.69,6.07,1.9000000000000004,0.3799999999999999
NILOPOLIS,GASOLINA,973,9,5.897533401849949,5.89,5.19,6.99,0.33080535249469306,5.69,5.99,1.7999999999999998,0.2999999999999998
NOVA IGUACU,GASOLINA,1811,38,5.910916620651574,5.89,5.15,6.99,0.32335762526578166,5.69,6.09,1.8399999999999999,0.39999999999999947
RIO BONITO,GASOLINA,865,9,5.994115606936416,5.89,5.28,7.27,0.39412224972802096,5.69,6.19,1.9899999999999993,0.5
SAO JOAO DE MERITI,GASOLINA,1292,24,5.888792569659443,5.89,5.19,6.99,0.3003438726439324,5.69,5.99,1.7999999999999998,0.2999999999999998
SAO GONCALO,GASOLINA,2248,61,6.014955516014235,5.98,5.19,7.59,0.43114527290856747,5.69,6.19,2.3999999999999995,0.5
ITABORAI,GASOLINA,1306,23,5.984938744257274,5.99,5.05,7.19,0.3464033539115618,5.79,6.19,2.1400000000000006,0.40000000000000036
MARICA,GASOLINA,1084,19,6.044547970479705,5.99,5.29,7.1,0.3903968179221107,5.69,6.29,1.8099999999999996,0.5999999999999996
RIO DE JANEIRO,GASOLINA,11194,271,6.060115240307308,5.99,4.84,7.99,0.41036886386027804,5.79,6.29,3.1500000000000004,0.5
SANTO ANTONIO DE PADUA,GASOLINA,1285,11,6.121774319066148,6.08,5.16,7.59,0.3783055294851509,5.89,6.39,2.4299999999999997,0.5
RESENDE,GASOLINA,838,19,6.068162291169451,6.09,5.09,7.19,0.4087720486139901,5.79,6.3575,2.1000000000000005,0.5674999999999999
SAO FRANCISCO DE ITABAPOANA,GASOLINA,102,10,6.2148039215686275,6.1850000000000005,5.95,6.49,0.1392890746652543,6.13,6.26,0.54,0.1299999999999999
BARRA MANSA,GASOLINA,1400,26,6.237685714285714,6.19,5.49,7.05,0.32174370981651534,6.09,6.29,1.5599999999999996,0.20000000000000018
SAQUAREMA,GASOLINA,970,16,6.286072164948453,6.25,5.38,7.39,0.36412516552651963,5.99,6.4275,2.01,0.4375
VOLTA REDONDA,GASOLINA,1472,28,6.366467391304348,6.35,5.59,7.29,0.34404542412967676,6.12,6.49,1.7000000000000002,0.3700000000000001
ARARUAMA,GASOLINA,1051,14,6.311151284490961,6.39,5.49,7.39,0.39089020129974966,5.99,6.49,1.8999999999999995,0.5
VALENCA,GASOLINA,501,11,6.329441117764471,6.39,5.49,6.99,0.4290618685294121,5.99,6.69,1.5,0.7000000000000002
CAMPOS DOS GOYTACAZES,GASOLINA,1385,27,6.381003610108303,6.44,5.59,7.39,0.27312961545147535,6.29,6.57,1.7999999999999998,0.28000000000000025
MACAE,GASOLINA,1059,11,6.457969782813975,6.45,5.99,6.99,0.2153647607722045,6.29,6.59,1.0,0.2999999999999998
ITAPERUNA,GASOLINA,793,16,6.46484237074401,6.47,5.86,7.29,0.28981665507004173,6.33,6.63,1.4299999999999997,0.2999999999999998
CABO FRIO,GASOLINA,1108,20,6.442617328519856,6.48,5.69,7.19,0.30065152039931614,6.28,6.59,1.5,0.3099999999999996
NOVA FRIBURGO,GASOLINA,1511,21,6.492316346790205,6.49,5.69,7.39,0.3960925813127742,6.25,6.78,1.6999999999999993,0.5300000000000002
PETROPOLIS,GASOLINA,1796,38,6.635640311804009,6.49,5.59,7.39,0.30127432565494744,6.49,6.79,1.7999999999999998,0.2999999999999998
ANGRA DOS REIS,GASOLINA,1088,16,6.652858455882353,6.655,5.59,7.49,0.3018443920044736,6.49,6.79,1.9000000000000004,0.2999999999999998
TRES RIOS,GASOLINA,792,11,6.668661616161616,6.69,5.89,7.29,0.23122107927435442,6.49,6.79,1.4000000000000004,0.2999999999999998
BARRA DO PIRAI,GASOLINA,563,11,6.575364120781527,6.78,5.49,7.19,0.34539059418838536,6.25,6.85,1.7000000000000002,0.5999999999999996
