municipality,product,observations,weeks,median_price,median_relative_price,mean_relative_price,stations,median_relative_price_pct
TERESOPOLIS,ETANOL,169,26,3.8200000000000003,-0.07504398660536932,-0.0773680665609925,25,-7.504398660536932
NITEROI,ETANOL,1976,139,4.29,-0.04608294930875556,-0.04696060002937328,56,-4.608294930875556
NILOPOLIS,ETANOL,974,123,4.29,-0.04264392324093824,-0.04237947478330661,9,-4.264392324093825
DUQUE DE CAXIAS,ETANOL,1634,117,4.29,-0.033205619412515985,-0.03308186402195026,65,-3.3205619412515985
NOVA IGUACU,ETANOL,1783,132,4.3275,-0.031982942430703654,-0.031583502385887884,37,-3.1982942430703654
SAO JOAO DE MERITI,ETANOL,1286,135,4.29,-0.02685284640171859,-0.027581144505321877,23,-2.685284640171859
BELFORD ROXO,ETANOL,886,130,4.39,-0.026458782034034123,-0.02721086659972876,15,-2.645878203403412
ITABORAI,ETANOL,1310,140,4.390000000000001,-0.02605668513277004,-0.027289866405169595,22,-2.605668513277004
ITAGUAI,ETANOL,161,26,3.99,-0.024158113099649325,-0.021426459158371516,12,-2.4158113099649325
RIO BONITO,ETANOL,859,127,4.49,-0.0227790432801821,-0.02132174725326003,9,-2.27790432801821
MARICA,ETANOL,886,138,4.34,-0.02265078290135225,-0.02546975354230079,15,-2.265078290135225
SAO GONCALO,ETANOL,1956,139,4.39,-0.02178649237472763,-0.023361334996246496,59,-2.178649237472763
RIO DE JANEIRO,ETANOL,9474,140,4.49,-0.01244188314020922,-0.017754247039591192,249,-1.244188314020922
RESENDE,ETANOL,838,107,4.640000000000001,0.0,-0.00012396808230877326,19,0.0
SANTO ANTONIO DE PADUA,ETANOL,1282,132,4.475,0.0005820721769500548,-0.004466437758219932,10,0.058207217695005475
ITAPERUNA,ETANOL,673,117,4.635,0.0032085561497328108,0.008111124168192024,16,0.3208556149732811
SAQUAREMA,ETANOL,971,140,4.59,0.003294672467604731,0.005346215456432517,16,0.3294672467604731
NOVA FRIBURGO,ETANOL,1387,139,4.485,0.004424778761062065,0.008957452316329207,21,0.4424778761062065
ARARUAMA,ETANOL,1011,138,4.69,0.02195261754941269,0.027810474945686444,14,2.195261754941269
BARRA MANSA,ETANOL,1289,140,4.59,0.02386634844868718,0.024769088785195563,26,2.386634844868718
VALENCA,ETANOL,434,74,4.735,0.02397534019710612,0.03576504612965372,11,2.397534019710612
CAMPOS DOS GOYTACAZES,ETANOL,1126,111,4.715,0.04716981132075482,0.04358746760982508,27,4.716981132075482
VOLTA REDONDA,ETANOL,1339,140,4.869999999999999,0.05970149253731338,0.058683389985835305,27,5.970149253731338
CABO FRIO,ETANOL,1106,140,4.89,0.06671945232845677,0.07100899705316548,20,6.671945232845678
MACAE,ETANOL,824,128,4.99,0.06925095876228071,0.07378609268559659,11,6.925095876228071
BARRA DO PIRAI,ETANOL,467,77,5.13,0.09100204498977527,0.09652561390935568,11,9.100204498977526
ANGRA DOS REIS,ETANOL,667,140,5.04,0.1335598754453039,0.1363173802771431,13,13.35598754453039
PETROPOLIS,ETANOL,1690,131,5.09,0.1425364758698091,0.14263916451737294,37,14.253647586980911
TRES RIOS,ETANOL,721,135,5.140000000000001,0.1594533029612757,0.15104106265866474,10,15.945330296127569
TERESOPOLIS,GASOLINA,174,26,5.485,-0.05030604676095318,-0.043248036982038975,25,-5.030604676095319
NILOPOLIS,GASOLINA,973,123,5.79,-0.04769475357710651,-0.04457116276339594,9,-4.76947535771065
NITEROI,GASOLINA,2306,139,5.79,-0.047688921496698344,-0.044395816331269565,59,-4.768892149669835
NOVA IGUACU,GASOLINA,1811,132,5.89,-0.041871921182266014,-0.039348363971772826,38,-4.187192118226601
SAO JOAO DE MERITI,GASOLINA,1292,135,5.87,-0.04059652029826022,-0.04009045681187652,24,-4.059652029826022
BELFORD ROXO,GASOLINA,1023,130,5.89,-0.04006410256410253,-0.03958213690887612,15,-4.006410256410254
DUQUE DE CAXIAS,GASOLINA,1758,117,5.87,-0.03612479474548436,-0.03567209506798073,67,-3.6124794745484357
SAO GONCALO,GASOLINA,2248,139,5.89,-0.03338898163606008,-0.03321143702651801,61,-3.3388981636060078
ITAGUAI,GASOLINA,159,26,5.59,-0.03286907744482659,-0.03326604111375404,12,-3.286907744482659
ITABORAI,GASOLINA,1306,140,5.89,-0.03231017770597744,-0.032250848510857605,23,-3.231017770597744
RESENDE,GASOLINA,838,107,5.99,-0.025846702317290582,-0.02811360717086976,19,-2.584670231729058
RIO DE JANEIRO,GASOLINA,11194,140,5.99,-0.022498500224966356,-0.023075850330793367,271,-2.2498500224966356
RIO BONITO,GASOLINA,865,127,5.94,-0.019230769230769273,-0.023066457186087925,9,-1.9230769230769273
MARICA,GASOLINA,1084,138,5.965,-0.01655742603298871,-0.019717529305951303,19,-1.655742603298871
SANTO ANTONIO DE PADUA,GASOLINA,1285,132,6.0600000000000005,-0.009096465612983717,-0.012763580906624142,11,-0.9096465612983717
VALENCA,GASOLINA,501,75,6.24,0.00870827285921627,0.015536991723690358,11,0.8708272859216271
BARRA MANSA,GASOLINA,1400,140,6.19,0.014293317890406554,0.013988510591534196,26,1.4293317890406554
SAQUAREMA,GASOLINA,970,140,6.29,0.020675399224451274,0.022666112627623265,16,2.0675399224451274
VOLTA REDONDA,GASOLINA,1472,140,6.39,0.03273809523809512,0.03390171056877312,28,3.273809523809512
ARARUAMA,GASOLINA,1051,138,6.39,0.03285634740711707,0.0355777031555589,14,3.285634740711707
MACAE,GASOLINA,1059,128,6.45,0.04200323101777048,0.03804176414532294,11,4.200323101777048
NOVA FRIBURGO,GASOLINA,1511,139,6.49,0.04846526655896599,0.051030872345356935,21,4.846526655896599
CABO FRIO,GASOLINA,1108,140,6.42,0.04924853847633537,0.04626417042435853,20,4.924853847633537
ITAPERUNA,GASOLINA,793,119,6.49,0.05700325732899025,0.0539377132850278,16,5.700325732899025
CAMPOS DOS GOYTACAZES,GASOLINA,1385,113,6.49,0.0641025641025641,0.05924621726734175,27,6.41025641025641
BARRA DO PIRAI,GASOLINA,563,77,6.785,0.06706281833616301,0.06563254891463745,11,6.706281833616301
SAO FRANCISCO DE ITABAPOANA,GASOLINA,102,23,6.1850000000000005,0.06794425087108014,0.06871263960759458,10,6.794425087108014
PETROPOLIS,GASOLINA,1796,131,6.49,0.07184145334434366,0.07229485368334562,38,7.184145334434366
ANGRA DOS REIS,GASOLINA,1088,140,6.69,0.08077544426494354,0.08117072952983466,16,8.077544426494354
TRES RIOS,GASOLINA,792,136,6.74,0.09633462839919382,0.08940148518621226,11,9.633462839919382
