week_start,product,observations,stations,mean_price,median_price,min_price,max_price,std_price,q1_price,q3_price,price_range,iqr_price
2024-01-01,ETANOL,322,322,4.032732919254658,3.95,3.34,5.19,0.375954838504826,3.78,4.29,1.8500000000000005,0.5100000000000002
2024-01-01,GASOLINA,351,351,5.666609686609687,5.59,4.99,6.49,0.3359339455780195,5.39,5.89,1.5,0.5
2024-01-08,ETANOL,310,310,4.009096774193548,3.89,3.3,4.99,0.38151184136646205,3.69,4.25,1.6900000000000004,0.56
2024-01-08,GASOLINA,337,337,5.659673590504451,5.59,4.99,6.39,0.335744836923371,5.39,5.89,1.3999999999999995,0.5
2024-01-15,ETANOL,298,298,3.962248322147651,3.89,3.3,5.19,0.3476578372459365,3.69,4.1875,1.8900000000000006,0.49750000000000005
2024-01-15,GASOLINA,321,321,5.635233644859813,5.59,4.84,6.49,0.3112404992356972,5.39,5.89,1.6500000000000004,0.5
2024-01-22,ETANOL,315,315,3.9833968253968255,3.89,3.34,4.99,0.3820697296748838,3.69,4.19,1.6500000000000004,0.5000000000000004
2024-01-22,GASOLINA,343,343,5.654431486880466,5.59,4.99,6.39,0.32507787703899554,5.39,5.89,1.3999999999999995,0.5
2024-01-29,ETANOL,311,311,4.001414790996785,3.89,3.42,4.99,0.3769982351800974,3.69,4.19,1.5700000000000003,0.5000000000000004
2024-01-29,GASOLINA,339,339,5.658908554572272,5.59,4.84,6.39,0.33175655937737886,5.39,5.89,1.5499999999999998,0.5
2024-02-05,ETANOL,305,305,4.061967213114754,3.99,3.42,4.99,0.3521270875175455,3.79,4.24,1.5700000000000003,0.4500000000000002
2024-02-05,GASOLINA,325,325,5.778492307692308,5.79,4.99,6.49,0.30982353216407105,5.49,5.99,1.5,0.5
2024-02-12,ETANOL,317,317,4.098075709779179,3.99,3.48,4.99,0.33186434520294394,3.88,4.29,1.5100000000000002,0.41000000000000014
2024-02-12,GASOLINA,337,337,5.802997032640949,5.79,5.14,6.49,0.3116386844312273,5.49,5.99,1.3500000000000005,0.5
2024-02-19,ETANOL,319,319,4.092507836990595,3.99,3.49,4.99,0.3455685031179688,3.79,4.29,1.5,0.5
2024-02-19,GASOLINA,339,339,5.791946902654868,5.79,5.09,6.49,0.31238874963759694,5.49,5.99,1.4000000000000004,0.5
2024-02-26,ETANOL,316,316,4.084810126582278,3.99,3.59,5.37,0.35267993767268574,3.79,4.29,1.7800000000000002,0.5
2024-02-26,GASOLINA,336,336,5.7775,5.79,5.09,6.49,0.31111690944608533,5.49,5.99,1.4000000000000004,0.5
2024-03-04,ETANOL,326,326,4.086840490797546,3.99,3.59,4.99,0.3414622209332697,3.79,4.29,1.4000000000000004,0.5
2024-03-04,GASOLINA,346,346,5.781791907514451,5.79,5.09,6.49,0.31213286383837513,5.49,5.99,1.4000000000000004,0.5
2024-03-11,ETANOL,330,330,4.071212121212121,3.99,3.59,4.99,0.33884442975057755,3.79,4.29,1.4000000000000004,0.5
2024-03-11,GASOLINA,351,351,5.776210826210827,5.79,5.28,7.49,0.32524830250511416,5.49,5.99,2.21,0.5
2024-03-18,ETANOL,331,331,4.070996978851964,3.99,3.45,4.99,0.34588389625395194,3.79,4.29,1.54,0.5
2024-03-18,GASOLINA,349,349,5.782320916905444,5.79,5.19,7.49,0.3326799057726573,5.49,5.99,2.3,0.5
2024-03-25,ETANOL,334,334,4.085209580838323,3.99,3.45,5.37,0.34259798506032013,3.79,4.29,1.92,0.5
2024-03-25,GASOLINA,358,358,5.789888268156425,5.79,4.99,7.49,0.32774159532680086,5.49,5.99,2.5,0.5
2024-04-01,ETANOL,321,321,4.109595015576324,3.99,3.55,5.37,0.3397528851607855,3.89,4.29,1.8200000000000003,0.3999999999999999
2024-04-01,GASOLINA,354,354,5.791864406779662,5.79,5.19,7.59,0.3409517153703047,5.49,5.99,2.3999999999999995,0.5
2024-04-08,ETANOL,314,314,4.147229299363057,3.99,3.61,4.99,0.3124390777187924,3.89,4.32,1.3800000000000003,0.43000000000000016
2024-04-08,GASOLINA,336,336,5.799851190476191,5.79,5.19,7.59,0.3392190000993889,5.49,5.99,2.3999999999999995,0.5
2024-04-15,ETANOL,331,331,4.192386706948641,4.14,3.69,4.99,0.3074588639718824,3.9850000000000003,4.39,1.3000000000000003,0.40499999999999936
2024-04-15,GASOLINA,354,354,5.801497175141243,5.78,5.25,7.59,0.33792445346944155,5.49,5.99,2.34,0.5
2024-04-22,ETANOL,327,327,4.2120489296636086,4.19,3.69,4.99,0.30527734155560216,3.99,4.39,1.3000000000000003,0.39999999999999947
2024-04-22,GASOLINA,341,341,5.791495601173021,5.69,5.28,6.49,0.3256989644161763,5.49,5.99,1.21,0.5
2024-04-29,ETANOL,316,316,4.229651898734177,4.19,3.69,5.45,0.3172944239294174,3.99,4.39,1.7600000000000002,0.39999999999999947
2024-04-29,GASOLINA,339,339,5.802536873156342,5.69,5.25,7.59,0.3413947128584577,5.49,5.99,2.34,0.5
2024-05-06,ETANOL,329,329,4.236990881458967,4.19,3.78,4.99,0.3048016196735559,3.99,4.39,1.2100000000000004,0.39999999999999947
2024-05-06,GASOLINA,349,349,5.8223782234957016,5.79,5.19,7.59,0.345415483926119,5.49,6.09,2.3999999999999995,0.5999999999999996
2024-05-13,ETANOL,315,315,4.250095238095238,4.19,3.68,5.45,0.31848015438204913,3.99,4.404999999999999,1.77,0.41499999999999915
2024-05-13,GASOLINA,336,336,5.834642857142858,5.79,5.19,7.59,0.3428604743974597,5.55,6.09,2.3999999999999995,0.54
2024-05-20,ETANOL,310,310,4.241419354838709,4.19,3.69,4.99,0.3074226057463147,3.99,4.39,1.3000000000000003,0.39999999999999947
2024-05-20,GASOLINA,334,334,5.832155688622755,5.79,5.19,7.59,0.3493187187653344,5.49,6.09,2.3999999999999995,0.5999999999999996
2024-05-27,ETANOL,314,314,4.2546496815286625,4.19,3.69,5.45,0.32463403561021664,3.99,4.4775,1.7600000000000002,0.4874999999999998
2024-05-27,GASOLINA,334,334,5.847035928143713,5.79,5.19,7.59,0.3494309641478446,5.5425,6.09,2.3999999999999995,0.5474999999999994
2024-06-03,ETANOL,318,318,4.24440251572327,4.19,3.69,5.45,0.30724807062399656,3.99,4.39,1.7600000000000002,0.39999999999999947
2024-06-03,GASOLINA,345,345,5.847304347826086,5.79,5.19,7.59,0.3448600703903626,5.55,6.09,2.3999999999999995,0.54
2024-06-10,ETANOL,302,301,4.2540397350993375,4.19,3.74,5.45,0.31847472621826156,3.99,4.465,1.71,0.47499999999999964
2024-06-10,GASOLINA,327,326,5.856666666666667,5.79,5.19,7.59,0.3451623014104066,5.58,6.105,2.3999999999999995,0.5250000000000004
2024-06-17,ETANOL,322,322,4.2211490683229815,4.19,3.74,4.99,0.30339447628294874,3.99,4.39,1.25,0.39999999999999947
2024-06-17,GASOLINA,352,352,5.827698863636363,5.755,5.25,7.59,0.33575206257009405,5.5675,6.09,2.34,0.5225
2024-06-24,ETANOL,329,329,4.249756838905776,4.19,3.74,5.45,0.31620164021994246,3.99,4.44,1.71,0.4500000000000002
2024-06-24,GASOLINA,355,355,5.8484225352112675,5.79,5.19,7.59,0.3440655757187636,5.575,6.13,2.3999999999999995,0.5549999999999997
2024-07-01,ETANOL,278,278,4.254676258992806,4.19,3.69,4.99,0.3139116253530644,3.99,4.4,1.3000000000000003,0.41000000000000014
2024-07-01,GASOLINA,303,303,5.84996699669967,5.79,5.19,7.59,0.3512357544421783,5.58,6.09,2.3999999999999995,0.5099999999999998
2024-07-08,ETANOL,300,300,4.3032,4.29,3.74,5.65,0.3330377463114766,4.012499999999999,4.49,1.9100000000000001,0.4775000000000009
2024-07-08,GASOLINA,326,326,5.903650306748466,5.89,5.25,7.79,0.35798133228067125,5.59,6.19,2.54,0.6000000000000005
2024-07-15,ETANOL,294,294,4.40078231292517,4.39,3.79,5.19,0.3211376963662112,4.19,4.59,1.4000000000000004,0.39999999999999947
2024-07-15,GASOLINA,317,317,6.041640378548896,5.99,5.39,7.79,0.34959355696762207,5.79,6.29,2.4000000000000004,0.5
2024-07-22,ETANOL,304,304,4.457697368421053,4.48,3.89,5.65,0.318291583103041,4.19,4.59,1.7600000000000002,0.39999999999999947
2024-07-22,GASOLINA,326,326,6.057576687116565,5.99,5.39,7.79,0.34483345180768943,5.79,6.38,2.4000000000000004,0.5899999999999999
2024-07-29,ETANOL,287,287,4.45815331010453,4.48,3.84,5.65,0.31522176262214685,4.19,4.59,1.8100000000000005,0.39999999999999947
2024-07-29,GASOLINA,312,312,6.0560256410256414,5.99,5.39,7.79,0.3406909557277683,5.79,6.29,2.4000000000000004,0.5
2024-08-05,ETANOL,292,292,4.454006849315069,4.475,3.84,5.7,0.31376667402087405,4.19,4.59,1.8600000000000003,0.39999999999999947
2024-08-05,GASOLINA,319,319,6.062601880877743,5.99,5.39,7.79,0.3396897420837937,5.79,6.3,2.4000000000000004,0.5099999999999998
2024-08-12,ETANOL,295,295,4.4483389830508475,4.39,3.84,5.19,0.31140173596534027,4.19,4.59,1.3500000000000005,0.39999999999999947
2024-08-12,GASOLINA,323,323,6.051578947368421,5.99,5.39,6.69,0.325111995690325,5.79,6.29,1.3000000000000007,0.5
2024-08-19,ETANOL,301,301,4.448471760797342,4.39,3.89,5.19,0.30193982297783967,4.19,4.59,1.3000000000000003,0.39999999999999947
2024-08-19,GASOLINA,323,323,6.047151702786378,5.99,5.39,6.69,0.32172660921391605,5.78,6.29,1.3000000000000007,0.5099999999999998
2024-08-26,ETANOL,298,298,4.445201342281879,4.39,3.89,5.19,0.29111094486538,4.19,4.59,1.3000000000000003,0.39999999999999947
2024-08-26,GASOLINA,320,320,6.047218750000001,5.99,5.39,7.79,0.3266013103897102,5.78,6.29,2.4000000000000004,0.5099999999999998
2024-09-02,ETANOL,292,292,4.451780821917809,4.39,3.89,5.7,0.3012121786019839,4.19,4.59,1.81,0.39999999999999947
2024-09-02,GASOLINA,319,319,6.0541692789968655,5.99,5.39,7.79,0.3305777050154053,5.79,6.29,2.4000000000000004,0.5
2024-09-09,ETANOL,300,300,4.4610666666666665,4.39,3.85,5.7,0.31846758216788973,4.19,4.6049999999999995,1.85,0.41499999999999915
2024-09-09,GASOLINA,325,325,6.060030769230769,5.99,5.39,7.79,0.34434899973462046,5.78,6.38,2.4000000000000004,0.5999999999999996
2024-09-16,ETANOL,295,295,4.4321016949152545,4.39,3.89,5.7,0.3108037471054759,4.19,4.59,1.81,0.39999999999999947
2024-09-16,GASOLINA,319,319,6.033730407523511,5.99,5.39,6.79,0.32112450227173184,5.775,6.29,1.4000000000000004,0.5149999999999997
2024-09-23,ETANOL,293,293,4.423037542662116,4.39,3.87,5.7,0.32084646494105845,4.19,4.59,1.83,0.39999999999999947
2024-09-23,GASOLINA,317,317,6.044195583596214,5.99,5.39,7.79,0.33798415752802263,5.78,6.29,2.4000000000000004,0.5099999999999998
2024-09-30,ETANOL,280,280,4.395357142857143,4.39,3.87,5.7,0.33253002282174327,4.17,4.5825,1.83,0.41249999999999964
2024-09-30,GASOLINA,302,302,6.025264900662252,5.99,5.39,7.79,0.3337321862203664,5.77,6.29,2.4000000000000004,0.5200000000000005
2024-10-07,ETANOL,289,289,4.419065743944636,4.39,3.85,5.7,0.3248303390001434,4.19,4.59,1.85,0.39999999999999947
2024-10-07,GASOLINA,314,314,6.0494585987261145,5.99,5.39,7.79,0.3352363524716218,5.79,6.29,2.4000000000000004,0.5
2024-10-14,ETANOL,259,259,4.393088803088803,4.34,3.87,5.19,0.3164882950768557,4.18,4.58,1.3200000000000003,0.40000000000000036
2024-10-14,GASOLINA,283,283,6.015123674911661,5.99,5.39,7.79,0.32949386649000334,5.765,6.225,2.4000000000000004,0.45999999999999996
2024-10-21,ETANOL,283,283,4.396678445229682,4.35,3.79,5.19,0.31535456651022287,4.17,4.59,1.4000000000000004,0.41999999999999993
2024-10-21,GASOLINA,308,308,6.018701298701298,5.99,5.39,7.79,0.3348765172752667,5.69,6.29,2.4000000000000004,0.5999999999999996
2024-10-28,ETANOL,286,286,4.41548951048951,4.39,3.79,5.19,0.31816624512777375,4.19,4.59,1.4000000000000004,0.39999999999999947
2024-10-28,GASOLINA,313,313,6.03888178913738,5.99,5.44,7.79,0.3364592625272456,5.77,6.29,2.3499999999999996,0.5200000000000005
2024-11-04,ETANOL,279,279,4.435806451612903,4.39,3.79,5.7,0.3198785378093264,4.19,4.59,1.9100000000000001,0.39999999999999947
2024-11-04,GASOLINA,306,306,6.047418300653595,5.99,5.37,7.79,0.3333322098984602,5.79,6.29,2.42,0.5
2024-11-11,ETANOL,276,276,4.46731884057971,4.48,3.79,5.7,0.3265010981021713,4.19,4.65,1.9100000000000001,0.45999999999999996
2024-11-11,GASOLINA,302,302,6.083708609271523,5.99,5.39,7.79,0.3357020033826671,5.79,6.39,2.4000000000000004,0.5999999999999996
2024-11-18,ETANOL,279,279,4.452795698924731,4.39,3.79,5.7,0.3247058400635294,4.19,4.605,1.9100000000000001,0.41500000000000004
2024-11-18,GASOLINA,308,308,6.0681493506493505,5.99,5.44,7.79,0.3338114953526082,5.79,6.3525,2.3499999999999996,0.5625
2024-11-25,ETANOL,260,260,4.465423076923077,4.415,3.79,5.7,0.3262697409612849,4.19,4.69,1.9100000000000001,0.5
2024-11-25,GASOLINA,289,289,6.087024221453287,5.99,5.44,7.79,0.3334116617889054,5.79,6.39,2.3499999999999996,0.5999999999999996
2024-12-02,ETANOL,253,253,4.425217391304347,4.39,3.79,5.19,0.26956838696682855,4.19,4.59,1.4000000000000004,0.39999999999999947
2024-12-02,GASOLINA,283,283,6.052367491166078,5.99,5.37,7.79,0.31133385982376105,5.79,6.29,2.42,0.5
2024-12-09,ETANOL,270,270,4.459370370370371,4.48,3.95,5.19,0.3008203959890102,4.19,4.68,1.2400000000000002,0.4899999999999993
2024-12-09,GASOLINA,300,300,6.064233333333333,5.99,5.46,7.79,0.32553903673294293,5.79,6.359999999999999,2.33,0.5699999999999994
2024-12-16,ETANOL,272,272,4.480367647058824,4.475,3.89,5.19,0.2929854172869066,4.27,4.69,1.3000000000000003,0.4200000000000008
2024-12-16,GASOLINA,304,304,6.079210526315789,5.99,5.37,7.79,0.3239973644430747,5.79,6.39,2.42,0.5999999999999996
2024-12-23,ETANOL,290,290,4.484931034482759,4.49,3.93,5.19,0.29710744285113744,4.29,4.68,1.2600000000000002,0.3899999999999997
2024-12-23,GASOLINA,318,318,6.069119496855346,5.99,5.37,7.79,0.3254666800272312,5.79,6.34,2.42,0.5499999999999998
2024-12-30,ETANOL,285,285,4.512175438596492,4.49,3.89,5.7,0.29601372272666776,4.29,4.69,1.81,0.40000000000000036
2024-12-30,GASOLINA,316,316,6.099525316455696,6.06,5.05,7.79,0.32884998653300307,5.8675,6.39,2.74,0.5225
2025-01-06,ETANOL,295,295,4.540542372881356,4.49,3.98,5.19,0.2915914182057166,4.29,4.69,1.2100000000000004,0.40000000000000036
2025-01-06,GASOLINA,324,324,6.103024691358025,6.09,5.46,7.79,0.32784329396015016,5.865,6.39,2.33,0.5249999999999995
2025-01-13,ETANOL,284,284,4.544084507042253,4.49,4.07,5.19,0.28846408165008997,4.355,4.69,1.12,0.33499999999999996
2025-01-13,GASOLINA,316,316,6.099398734177216,6.09,5.46,7.79,0.32713467815134806,5.845,6.359999999999999,2.33,0.5149999999999997
2025-01-20,ETANOL,283,283,4.581413427561837,4.59,3.99,5.19,0.28275640864102775,4.39,4.79,1.2000000000000002,0.40000000000000036
2025-01-20,GASOLINA,318,318,6.111163522012578,6.09,5.37,7.79,0.32271457780560586,5.875,6.3475,2.42,0.47250000000000014
2025-01-27,ETANOL,284,284,4.610352112676056,4.59,4.09,5.27,0.27899595845909686,4.39,4.79,1.1799999999999997,0.40000000000000036
2025-01-27,GASOLINA,317,317,6.117665615141956,6.09,5.46,7.79,0.3197569911707134,5.89,6.39,2.33,0.5
2025-02-03,ETANOL,297,297,4.6819865319865315,4.68,4.14,5.7,0.2899215174913485,4.49,4.89,1.5600000000000005,0.39999999999999947
2025-02-03,GASOLINA,332,332,6.222138554216867,6.19,5.46,7.79,0.32739095703878796,5.97,6.49,2.33,0.5200000000000005
2025-02-10,ETANOL,295,295,4.699050847457627,4.69,4.14,5.39,0.279312410350507,4.49,4.89,1.25,0.39999999999999947
2025-02-10,GASOLINA,333,333,6.238438438438439,6.19,5.46,7.79,0.3315697785325261,5.99,6.49,2.33,0.5
2025-02-17,ETANOL,287,287,4.7074564459930315,4.69,4.14,5.7,0.2851453022164946,4.49,4.89,1.5600000000000005,0.39999999999999947
2025-02-17,GASOLINA,321,321,6.248629283489096,6.25,5.46,7.79,0.329251029253968,5.99,6.49,2.33,0.5
2025-02-24,ETANOL,305,305,4.709245901639344,4.69,4.14,5.39,0.27197091657943134,4.49,4.89,1.25,0.39999999999999947
2025-02-24,GASOLINA,339,339,6.236961651917404,6.19,5.68,7.79,0.3203445376238349,5.99,6.49,2.1100000000000003,0.5
2025-03-03,ETANOL,301,301,4.72687707641196,4.69,4.19,5.7,0.28342232593679745,4.49,4.89,1.5099999999999998,0.39999999999999947
2025-03-03,GASOLINA,341,341,6.25434017595308,6.24,5.69,7.79,0.3267422825930042,5.99,6.49,2.0999999999999996,0.5
2025-03-10,ETANOL,286,286,4.712307692307692,4.69,4.09,5.39,0.2782342627953147,4.49,4.89,1.2999999999999998,0.39999999999999947
2025-03-10,GASOLINA,322,322,6.2217080745341615,6.19,5.46,6.88,0.30688242727689574,5.99,6.49,1.42,0.5
2025-03-17,ETANOL,292,292,4.7083219178082185,4.69,3.99,5.7,0.282738679026438,4.49,4.89,1.71,0.39999999999999947
2025-03-17,GASOLINA,326,326,6.229294478527607,6.19,5.46,7.79,0.32174207410026884,5.99,6.49,2.33,0.5
2025-03-24,ETANOL,311,311,4.707009646302251,4.69,3.99,5.41,0.2824861913328605,4.49,4.89,1.42,0.39999999999999947
2025-03-24,GASOLINA,343,343,6.2266472303207,6.19,5.46,7.79,0.3213360464091115,5.99,6.49,2.33,0.5
2025-03-31,ETANOL,307,307,4.702019543973941,4.69,3.99,5.49,0.2843623061965354,4.49,4.89,1.5,0.39999999999999947
2025-03-31,GASOLINA,342,342,6.235409356725147,6.19,5.46,7.79,0.3267878534215526,5.99,6.49,2.33,0.5
2025-04-07,ETANOL,310,310,4.688096774193548,4.69,3.99,5.49,0.28895737749532896,4.49,4.89,1.5,0.39999999999999947
2025-04-07,GASOLINA,337,337,6.226646884272998,6.19,5.46,7.79,0.3278515514972173,5.98,6.49,2.33,0.5099999999999998
2025-04-14,ETANOL,304,304,4.675098684210527,4.68,3.99,5.39,0.2935792382086543,4.47,4.89,1.3999999999999995,0.41999999999999993
2025-04-14,GASOLINA,339,339,6.211327433628318,6.19,5.68,7.79,0.31922383057735976,5.89,6.49,2.1100000000000003,0.6000000000000005
2025-04-21,ETANOL,291,291,4.635738831615121,4.59,3.99,5.39,0.2802641374280438,4.43,4.845,1.3999999999999995,0.41500000000000004
2025-04-21,GASOLINA,323,323,6.171950464396285,6.17,5.65,7.79,0.3065175625835234,5.89,6.39,2.1399999999999997,0.5
2025-04-28,ETANOL,303,303,4.664851485148515,4.67,3.99,5.39,0.3020743314341076,4.39,4.89,1.3999999999999995,0.5
2025-04-28,GASOLINA,343,343,6.2243440233236145,6.19,5.59,7.79,0.3252467682379991,5.97,6.49,2.2,0.5200000000000005
2025-05-05,ETANOL,297,297,4.657104377104377,4.65,3.99,5.49,0.28635942830073224,4.43,4.89,1.5,0.45999999999999996
2025-05-05,GASOLINA,334,334,6.205329341317365,6.19,5.65,7.79,0.3168932985723194,5.97,6.48,2.1399999999999997,0.5100000000000007
2025-05-12,ETANOL,293,293,4.6549488054607515,4.59,3.99,5.49,0.3076775811551535,4.39,4.89,1.5,0.5
2025-05-12,GASOLINA,329,329,6.218844984802431,6.19,5.59,7.79,0.32979465661404134,5.89,6.49,2.2,0.6000000000000005
2025-05-19,ETANOL,293,293,4.624744027303754,4.59,3.99,5.49,0.297904242464329,4.39,4.85,1.5,0.45999999999999996
2025-05-19,GASOLINA,326,326,6.186012269938651,6.19,5.69,7.79,0.31697035023154513,5.89,6.47,2.0999999999999996,0.5800000000000001
2025-05-26,ETANOL,285,285,4.627368421052632,4.59,3.99,5.49,0.29779900535563913,4.39,4.87,1.5,0.4800000000000004
2025-05-26,GASOLINA,322,322,6.194844720496895,6.19,5.65,7.79,0.32078390274725455,5.904999999999999,6.48,2.1399999999999997,0.5750000000000011
2025-06-02,ETANOL,286,286,4.624020979020979,4.59,3.99,5.49,0.2991336958274494,4.39,4.87,1.5,0.4800000000000004
2025-06-02,GASOLINA,328,328,6.196280487804878,6.19,5.59,7.79,0.32681701992258005,5.89,6.49,2.2,0.6000000000000005
2025-06-09,ETANOL,295,295,4.601084745762711,4.59,3.99,5.49,0.3096314073862439,4.375,4.85,1.5,0.47499999999999964
2025-06-09,GASOLINA,334,334,6.155449101796408,6.09,5.54,7.79,0.33169182590405116,5.89,6.39,2.25,0.5
2025-06-16,ETANOL,299,299,4.580969899665552,4.54,3.99,5.49,0.32978546376555723,4.29,4.79,1.5,0.5
2025-06-16,GASOLINA,339,339,6.133775811209439,6.09,5.09,7.79,0.35087788027858463,5.87,6.39,2.7,0.5199999999999996
2025-06-23,ETANOL,274,274,4.555802919708029,4.49,3.99,5.49,0.3155567981920481,4.29,4.79,1.5,0.5
2025-06-23,GASOLINA,301,301,6.105182724252492,5.99,5.09,7.79,0.3466252296557293,5.79,6.39,2.7,0.5999999999999996
2025-06-30,ETANOL,290,290,4.547620689655172,4.49,3.99,5.39,0.3305770265833862,4.29,4.79,1.3999999999999995,0.5
2025-06-30,GASOLINA,319,319,6.112915360501567,5.99,5.49,7.79,0.3464400658537087,5.79,6.39,2.3,0.5999999999999996
2025-07-07,ETANOL,274,274,4.547372262773723,4.49,3.99,5.49,0.33449819192334873,4.29,4.79,1.5,0.5
2025-07-07,GASOLINA,315,315,6.10536507936508,5.99,5.58,7.39,0.33072605428131535,5.79,6.39,1.8099999999999996,0.5999999999999996
2025-07-14,ETANOL,246,246,4.52109756097561,4.49,3.98,5.49,0.3236299452513851,4.27,4.79,1.5100000000000002,0.5200000000000005
2025-07-14,GASOLINA,279,279,6.088960573476703,5.99,5.49,7.79,0.3384496953487832,5.83,6.39,2.3,0.5599999999999996
2025-07-21,ETANOL,249,249,4.5357831325301206,4.49,3.85,5.49,0.34263490567265464,4.28,4.79,1.6400000000000001,0.5099999999999998
2025-07-21,GASOLINA,279,279,6.092401433691756,5.99,5.49,7.79,0.3400047134640824,5.79,6.39,2.3,0.5999999999999996
2025-07-28,ETANOL,256,256,4.527578125,4.49,3.98,5.49,0.3543051661143174,4.27,4.79,1.5100000000000002,0.5200000000000005
2025-07-28,GASOLINA,293,293,6.106928327645051,5.99,5.49,7.79,0.351661591565624,5.79,6.39,2.3,0.5999999999999996
2025-08-04,ETANOL,251,251,4.514262948207171,4.39,3.89,5.49,0.3594058354863943,4.215,4.79,1.6,0.5750000000000002
2025-08-04,GASOLINA,285,285,6.081859649122807,5.99,5.49,7.79,0.35365453415451276,5.79,6.39,2.3,0.5999999999999996
2025-08-11,ETANOL,238,238,4.517268907563024,4.485,3.89,5.49,0.34284688485582226,4.282500000000001,4.79,1.6,0.5074999999999994
2025-08-11,GASOLINA,271,271,6.078929889298894,5.99,5.49,7.79,0.3478313217633188,5.79,6.39,2.3,0.5999999999999996
2025-08-18,ETANOL,247,247,4.510202429149797,4.39,3.89,5.49,0.34041873950394874,4.27,4.779999999999999,1.6,0.5099999999999998
2025-08-18,GASOLINA,279,279,6.066021505376344,5.99,5.49,7.79,0.3447816735465402,5.79,6.34,2.3,0.5499999999999998
2025-08-25,ETANOL,246,246,4.513333333333334,4.445,3.89,5.49,0.3417951807416707,4.28,4.79,1.6,0.5099999999999998
2025-08-25,GASOLINA,278,278,6.064892086330935,5.99,5.49,7.79,0.342128328798933,5.79,6.34,2.3,0.5499999999999998
2025-09-01,ETANOL,246,246,4.506178861788618,4.46,3.79,5.49,0.34725047203259846,4.27,4.785,1.7000000000000002,0.5150000000000006
2025-09-01,GASOLINA,279,279,6.05663082437276,5.99,5.49,7.79,0.3463272508162633,5.79,6.3149999999999995,2.3,0.5249999999999995
2025-09-08,ETANOL,257,257,4.497976653696498,4.44,3.85,5.49,0.3224548651793317,4.29,4.69,1.6400000000000001,0.40000000000000036
2025-09-08,GASOLINA,287,287,6.041881533101045,5.99,5.39,7.79,0.33170561539888327,5.79,6.29,2.4000000000000004,0.5
2025-09-15,ETANOL,256,256,4.5180078125,4.485,3.98,5.49,0.3177783416920185,4.28,4.755,1.5100000000000002,0.47499999999999964
2025-09-15,GASOLINA,293,293,6.056245733788396,5.99,5.49,7.79,0.32837431816870905,5.79,6.29,2.3,0.5
2025-09-22,ETANOL,264,264,4.535833333333334,4.49,3.85,5.39,0.32650247419081685,4.28,4.79,1.5399999999999996,0.5099999999999998
2025-09-22,GASOLINA,301,301,6.069700996677741,5.99,5.49,7.79,0.3285192692963434,5.79,6.34,2.3,0.5499999999999998
2025-09-29,ETANOL,278,278,4.555,4.49,3.85,5.39,0.333126259386949,4.29,4.79,1.5399999999999996,0.5
2025-09-29,GASOLINA,309,309,6.096666666666667,5.99,5.49,7.79,0.32812764119736854,5.87,6.35,2.3,0.47999999999999954
2025-10-06,ETANOL,273,273,4.544432234432235,4.49,3.85,5.39,0.31351034904309183,4.29,4.79,1.5399999999999996,0.5
2025-10-06,GASOLINA,304,304,6.1021052631578945,5.99,5.49,7.79,0.32210248164998534,5.887499999999999,6.29,2.3,0.40250000000000075
2025-10-13,ETANOL,268,268,4.5338059701492535,4.49,3.95,5.59,0.31174462509413875,4.29,4.7075000000000005,1.6399999999999997,0.4175000000000004
2025-10-13,GASOLINA,300,300,6.101133333333333,5.99,5.49,7.79,0.32023619348999055,5.89,6.29,2.3,0.40000000000000036
2025-10-20,ETANOL,281,281,4.5705338078291815,4.54,3.85,5.59,0.3201139302142822,4.29,4.79,1.7399999999999998,0.5
2025-10-20,GASOLINA,320,320,6.1445,5.99,5.56,7.79,0.3363398788526023,5.89,6.39,2.2300000000000004,0.5
2025-10-27,ETANOL,282,282,4.577234042553191,4.59,3.85,5.59,0.3228578047856389,4.29,4.79,1.7399999999999998,0.5
2025-10-27,GASOLINA,317,317,6.1344164037854885,5.99,5.59,7.79,0.34753024198931687,5.89,6.39,2.2,0.5
2025-11-03,ETANOL,257,257,4.551167315175098,4.49,3.99,5.67,0.30087015605162487,4.29,4.69,1.6799999999999997,0.40000000000000036
2025-11-03,GASOLINA,291,291,6.074432989690722,5.99,5.59,7.79,0.3041368875296181,5.89,6.29,2.2,0.40000000000000036
2025-11-10,ETANOL,259,259,4.551930501930502,4.49,3.89,5.79,0.283426123080285,4.35,4.69,1.9,0.34000000000000075
2025-11-10,GASOLINA,303,303,6.091650165016501,5.99,5.49,7.79,0.3137794334231881,5.89,6.3149999999999995,2.3,0.4249999999999998
2025-11-17,ETANOL,250,250,4.59504,4.59,3.93,5.59,0.3068511510743646,4.38,4.79,1.6599999999999997,0.41000000000000014
2025-11-17,GASOLINA,292,292,6.119452054794521,5.99,5.49,7.79,0.33226967233017546,5.89,6.38,2.3,0.4900000000000002
2025-11-24,ETANOL,260,260,4.649923076923077,4.59,3.99,5.59,0.30186165271603693,4.39,4.8825,1.5999999999999996,0.4925000000000006
2025-11-24,GASOLINA,295,295,6.13206779661017,5.99,5.49,7.79,0.33740727445829266,5.89,6.38,2.3,0.4900000000000002
2025-12-01,ETANOL,236,236,4.645042372881356,4.59,3.99,5.59,0.26555842067734,4.39,4.79,1.5999999999999996,0.40000000000000036
2025-12-01,GASOLINA,266,266,6.105,5.99,5.49,7.79,0.3021635818371887,5.89,6.29,2.3,0.40000000000000036
2025-12-08,ETANOL,225,225,4.6751555555555555,4.69,3.99,6.39,0.27359559862560234,4.49,4.83,2.3999999999999995,0.33999999999999986
2025-12-08,GASOLINA,254,254,6.108582677165354,5.99,5.49,7.79,0.2936030080551791,5.89,6.3475,2.3,0.45750000000000046
2025-12-15,ETANOL,225,225,4.702,4.69,4.09,5.53,0.23959042432570513,4.49,4.89,1.4400000000000004,0.39999999999999947
2025-12-15,GASOLINA,259,259,6.0850965250965245,5.99,5.49,7.79,0.2891585800996445,5.89,6.29,2.3,0.40000000000000036
2025-12-22,ETANOL,241,241,4.734232365145228,4.69,4.09,5.35,0.23695360821927305,4.58,4.89,1.2599999999999998,0.3099999999999996
2025-12-22,GASOLINA,283,283,6.1274204946996464,6.03,5.49,7.79,0.2955618340288647,5.89,6.35,2.3,0.45999999999999996
2025-12-29,ETANOL,241,241,4.762033195020747,4.79,4.09,5.59,0.26159529600797327,4.59,4.89,1.5,0.2999999999999998
2025-12-29,GASOLINA,277,277,6.135234657039711,6.03,5.49,7.79,0.3079908580617456,5.94,6.29,2.3,0.34999999999999964
2026-01-05,ETANOL,245,245,4.835918367346939,4.79,4.19,6.39,0.26857332826075875,4.67,4.99,2.1999999999999993,0.3200000000000003
2026-01-05,GASOLINA,280,280,6.212321428571428,6.19,5.49,7.79,0.3118380649482036,5.99,6.39,2.3,0.39999999999999947
2026-01-12,ETANOL,264,264,4.917159090909092,4.89,4.09,5.99,0.29464659064227594,4.69,5.0649999999999995,1.9000000000000004,0.3749999999999991
2026-01-12,GASOLINA,308,308,6.27974025974026,6.19,5.49,7.79,0.3361759428674194,5.99,6.49,2.3,0.5
2026-01-19,ETANOL,259,259,4.96073359073359,4.96,4.09,5.78,0.2795259041244503,4.79,5.09,1.6900000000000004,0.2999999999999998
2026-01-19,GASOLINA,301,301,6.284651162790698,6.19,5.49,7.79,0.332697502105105,5.99,6.49,2.3,0.5
2026-01-26,ETANOL,265,265,4.980150943396226,4.99,4.09,5.69,0.2647039080708297,4.79,5.15,1.6000000000000005,0.3600000000000003
2026-01-26,GASOLINA,307,307,6.271107491856678,6.19,5.49,7.79,0.3235799718951447,5.99,6.49,2.3,0.5
2026-02-02,ETANOL,282,282,5.006879432624114,4.99,4.09,5.69,0.2596031319601527,4.8475,5.19,1.6000000000000005,0.34250000000000025
2026-02-02,GASOLINA,323,323,6.269907120743034,6.19,5.67,7.79,0.3252552615031353,5.99,6.49,2.12,0.5
2026-02-09,ETANOL,283,283,5.035724381625442,4.99,4.19,5.75,0.24777539661836034,4.89,5.19,1.5599999999999996,0.3000000000000007
2026-02-09,GASOLINA,328,328,6.28094512195122,6.19,5.59,7.79,0.31816853097780196,5.99,6.49,2.2,0.5
2026-02-16,ETANOL,276,276,5.038224637681159,4.99,4.49,5.77,0.23410199853493366,4.89,5.19,1.2799999999999994,0.3000000000000007
2026-02-16,GASOLINA,327,327,6.287308868501529,6.19,5.59,7.79,0.32384874813649434,5.99,6.49,2.2,0.5
2026-02-23,ETANOL,283,283,5.048551236749117,4.99,4.29,5.69,0.246790073646799,4.89,5.19,1.4000000000000004,0.3000000000000007
2026-02-23,GASOLINA,329,329,6.287963525835866,6.19,5.49,7.79,0.32646917253670227,5.99,6.49,2.3,0.5
2026-03-02,ETANOL,273,273,5.041721611721612,4.99,4.19,5.77,0.24676652190418158,4.89,5.19,1.5799999999999992,0.3000000000000007
2026-03-02,GASOLINA,322,322,6.277080745341615,6.19,5.49,7.79,0.32985815841787597,5.99,6.49,2.3,0.5
2026-03-09,ETANOL,270,270,5.0802962962962965,5.0600000000000005,4.19,5.79,0.25604640826080266,4.89,5.19,1.5999999999999996,0.3000000000000007
2026-03-09,GASOLINA,315,315,6.358634920634921,6.29,5.64,7.79,0.32916277223252316,6.09,6.59,2.1500000000000004,0.5
2026-03-16,ETANOL,277,277,5.144368231046932,5.09,4.49,5.89,0.23567060069205706,4.99,5.29,1.3999999999999995,0.2999999999999998
2026-03-16,GASOLINA,329,329,6.581428571428571,6.49,5.69,7.79,0.3428175427188904,6.29,6.88,2.0999999999999996,0.5899999999999999
2026-03-23,ETANOL,257,257,5.209260700389105,5.19,3.99,5.89,0.24188032562833625,4.99,5.39,1.8999999999999995,0.39999999999999947
2026-03-23,GASOLINA,301,301,6.797940199335549,6.79,5.69,7.99,0.3121971755348856,6.59,6.99,2.3,0.40000000000000036
2026-03-30,ETANOL,204,204,5.164411764705882,5.140000000000001,4.09,5.89,0.2356693581341728,4.99,5.37,1.7999999999999998,0.3799999999999999
2026-03-30,GASOLINA,238,238,6.758529411764706,6.69,5.69,7.99,0.2862266171174301,6.59,6.99,2.3,0.40000000000000036
2026-04-27,ETANOL,9,9,5.302222222222222,5.29,4.99,5.49,0.13636144779388487,5.29,5.39,0.5,0.09999999999999964
2026-04-27,GASOLINA,10,10,7.008,6.970000000000001,6.75,7.29,0.21175457492106273,6.89,7.215,0.54,0.3250000000000002
2026-05-04,ETANOL,214,214,5.099392523364486,4.99,4.46,5.89,0.31108639734084226,4.89,5.29,1.4299999999999997,0.40000000000000036
2026-05-04,GASOLINA,258,258,6.764186046511628,6.75,5.94,7.99,0.2959077510958917,6.49,6.99,2.05,0.5
2026-05-11,ETANOL,278,278,5.0133453237410075,4.99,4.39,5.89,0.302683478675748,4.79,5.19,1.5,0.40000000000000036
2026-05-11,GASOLINA,324,324,6.704413580246913,6.69,5.64,7.99,0.2932173856253453,6.49,6.915,2.3500000000000005,0.4249999999999998
2026-05-18,ETANOL,286,286,4.984335664335664,4.89,4.39,5.89,0.3100934990646993,4.79,5.09,1.5,0.2999999999999998
2026-05-18,GASOLINA,329,329,6.68629179331307,6.64,5.64,7.99,0.29968619760693677,6.47,6.89,2.3500000000000005,0.41999999999999993
2026-05-25,ETANOL,278,278,4.937410071942446,4.89,4.28,5.89,0.31527499458196645,4.69,5.09,1.6099999999999994,0.39999999999999947
2026-05-25,GASOLINA,321,321,6.679190031152648,6.65,5.64,7.99,0.3010242380611762,6.46,6.89,2.3500000000000005,0.4299999999999997
2026-06-01,ETANOL,294,294,4.9392517006802725,4.89,4.19,6.09,0.32514756625802105,4.69,5.09,1.8999999999999995,0.39999999999999947
2026-06-01,GASOLINA,336,336,6.684017857142857,6.645,5.64,7.99,0.2990556075324263,6.487500000000001,6.89,2.3500000000000005,0.40249999999999897
2026-06-08,ETANOL,283,283,4.918551236749117,4.89,4.28,5.89,0.3133716553093178,4.69,5.09,1.6099999999999994,0.39999999999999947
2026-06-08,GASOLINA,328,328,6.699085365853659,6.69,5.99,7.99,0.28610815521832683,6.49,6.89,2.0,0.39999999999999947
2026-06-15,ETANOL,258,258,4.931511627906977,4.89,4.19,5.89,0.32949501785358715,4.69,5.09,1.6999999999999993,0.39999999999999947
2026-06-15,GASOLINA,301,301,6.7542857142857144,6.79,5.94,7.99,0.27855203839720577,6.49,6.95,2.05,0.45999999999999996
2026-06-22,ETANOL,245,245,4.892571428571429,4.89,4.19,5.89,0.32975201810242644,4.68,5.07,1.6999999999999993,0.39000000000000057
2026-06-22,GASOLINA,288,288,6.741458333333333,6.79,5.99,7.99,0.27886147011051005,6.49,6.89,2.0,0.39999999999999947
2026-06-29,ETANOL,279,279,4.865663082437276,4.85,4.19,5.89,0.3235763079791669,4.67,4.99,1.6999999999999993,0.3200000000000003
2026-06-29,GASOLINA,333,333,6.726096096096096,6.69,5.99,7.99,0.2711695159865435,6.49,6.89,2.0,0.39999999999999947
2026-07-06,ETANOL,223,223,4.880672645739911,4.89,4.09,5.79,0.3309323377615153,4.69,5.075,1.7000000000000002,0.3849999999999998
2026-07-06,GASOLINA,263,263,6.742281368821293,6.79,5.99,7.58,0.2774215464280797,6.49,6.89,1.5899999999999999,0.39999999999999947
2026-07-13,ETANOL,272,272,4.840625,4.79,4.09,5.89,0.3254380740431276,4.59,4.99,1.7999999999999998,0.40000000000000036
2026-07-13,GASOLINA,315,315,6.686349206349206,6.59,5.99,7.99,0.272721023479044,6.49,6.89,2.0,0.39999999999999947
2026-07-20,ETANOL,284,284,4.828485915492958,4.79,4.09,5.89,0.32890142091096375,4.59,4.99,1.7999999999999998,0.40000000000000036
2026-07-20,GASOLINA,324,324,6.68358024691358,6.59,5.99,7.99,0.2750628800251699,6.49,6.89,2.0,0.39999999999999947
2026-07-27,ETANOL,235,235,4.835574468085107,4.79,4.07,5.69,0.3421438034676625,4.59,4.99,1.62,0.40000000000000036
2026-07-27,GASOLINA,282,282,6.711950354609929,6.69,5.94,7.39,0.2635753844570636,6.49,6.89,1.4499999999999993,0.39999999999999947
2026-08-03,ETANOL,255,255,4.802901960784314,4.79,3.98,5.69,0.333483478613186,4.59,4.99,1.7100000000000004,0.40000000000000036
2026-08-03,GASOLINA,303,303,6.678448844884488,6.64,5.94,7.29,0.2684957542617918,6.49,6.89,1.3499999999999996,0.39999999999999947
2026-08-10,ETANOL,268,268,4.767089552238805,4.765,3.84,5.79,0.33821147701743565,4.49,4.99,1.9500000000000002,0.5
2026-08-10,GASOLINA,316,316,6.668196202531646,6.65,5.94,7.39,0.27486026369222966,6.49,6.89,1.4499999999999993,0.39999999999999947
2026-08-17,ETANOL,264,264,4.756704545454546,4.69,3.84,5.65,0.33779329154374865,4.49,4.99,1.8100000000000005,0.5
2026-08-17,GASOLINA,309,309,6.670032362459547,6.59,5.94,7.39,0.2711381714922852,6.49,6.89,1.4499999999999993,0.39999999999999947
2026-08-24,ETANOL,261,261,4.762490421455938,4.74,3.98,5.67,0.33440349433473787,4.53,4.98,1.69,0.4500000000000002
2026-08-24,GASOLINA,301,301,6.662358803986711,6.59,5.99,7.39,0.2669071327207863,6.49,6.89,1.3999999999999995,0.39999999999999947
2026-08-31,ETANOL,256,256,4.7590234375,4.765,3.98,5.69,0.3357523355407652,4.49,4.99,1.7100000000000004,0.5
2026-08-31,GASOLINA,301,301,6.649900332225914,6.59,5.99,7.39,0.2629023710427292,6.49,6.89,1.3999999999999995,0.39999999999999947
2026-09-07,ETANOL,233,233,4.817210300429185,4.79,3.99,5.69,0.34444161894138303,4.59,4.99,1.7000000000000002,0.40000000000000036
2026-09-07,GASOLINA,282,282,6.689645390070922,6.69,5.99,7.39,0.2739753770984775,6.49,6.89,1.3999999999999995,0.39999999999999947
2026-09-14,ETANOL,271,271,4.790516605166052,4.79,3.96,5.69,0.31358103492396977,4.59,4.99,1.7300000000000004,0.40000000000000036
2026-09-14,GASOLINA,307,307,6.665407166123779,6.59,5.99,7.39,0.26066044890178763,6.49,6.89,1.3999999999999995,0.39999999999999947
2026-09-21,ETANOL,271,271,4.815571955719557,4.79,4.09,5.77,0.31671512112835143,4.59,4.99,1.6799999999999997,0.40000000000000036
2026-09-21,GASOLINA,314,314,6.6612101910828025,6.59,6.09,7.37,0.2514401975240909,6.49,6.89,1.2800000000000002,0.39999999999999947
2026-09-28,ETANOL,216,216,4.822777777777778,4.84,4.18,5.69,0.32470045826407407,4.59,4.99,1.5100000000000007,0.40000000000000036
2026-09-28,GASOLINA,252,252,6.658849206349206,6.59,5.99,7.39,0.2690440970819969,6.49,6.89,1.3999999999999995,0.39999999999999947
