product,model,fold,train_start,train_end,week_start,actual,prediction,error,absolute_error,squared_error
ETANOL,hist_gradient_boosting,1,2024-03-25,2025-03-17,2025-03-24,4.69,4.670409550156174,-0.019590449843826185,0.019590449843826185,0.00038378572508346943
ETANOL,naive_last_price,1,2024-03-25,2025-03-17,2025-03-24,4.69,4.69,0.0,0.0,0.0
ETANOL,random_forest,1,2024-03-25,2025-03-17,2025-03-24,4.69,4.673560504911774,-0.016439495088226508,0.016439495088226508,0.00027025699875582346
ETANOL,ridge,1,2024-03-25,2025-03-17,2025-03-24,4.69,4.715534409713143,0.025534409713142914,0.025534409713142914,0.0006520060793986472
ETANOL,hist_gradient_boosting,1,2024-03-25,2025-03-17,2025-03-31,4.69,4.665458814610075,-0.02454118538992578,0.02454118538992578,0.0006022697803427065
ETANOL,naive_last_price,1,2024-03-25,2025-03-17,2025-03-31,4.69,4.69,0.0,0.0,0.0
ETANOL,random_forest,1,2024-03-25,2025-03-17,2025-03-31,4.69,4.648525038641932,-0.04147496135806872,0.04147496135806872,0.0017201724196532933
ETANOL,ridge,1,2024-03-25,2025-03-17,2025-03-31,4.69,4.711350654997786,0.021350654997785767,0.021350654997785767,0.0004558504688344744
ETANOL,hist_gradient_boosting,1,2024-03-25,2025-03-17,2025-04-07,4.69,4.665458814610075,-0.02454118538992578,0.02454118538992578,0.0006022697803427065
ETANOL,naive_last_price,1,2024-03-25,2025-03-17,2025-04-07,4.69,4.69,0.0,0.0,0.0
ETANOL,random_forest,1,2024-03-25,2025-03-17,2025-04-07,4.69,4.667206854118121,-0.022793145881879084,0.022793145881879084,0.0005195274991926215
ETANOL,ridge,1,2024-03-25,2025-03-17,2025-04-07,4.69,4.735315833622301,0.045315833622300516,0.045315833622300516,0.002053524776884022
ETANOL,hist_gradient_boosting,1,2024-03-25,2025-03-17,2025-04-14,4.68,4.614021308408504,-0.0659786915914955,0.0659786915914955,0.004353187744125678
ETANOL,naive_last_price,1,2024-03-25,2025-03-17,2025-04-14,4.68,4.69,0.010000000000000675,0.010000000000000675,0.0001000000000000135
ETANOL,random_forest,1,2024-03-25,2025-03-17,2025-04-14,4.68,4.64774003864193,-0.03225996135806941,0.03225996135806941,0.0010407051068241316
ETANOL,ridge,1,2024-03-25,2025-03-17,2025-04-14,4.68,4.7595521969339,0.07955219693389992,0.07955219693389992,0.006328552037009996
ETANOL,hist_gradient_boosting,2,2024-03-25,2025-04-14,2025-04-21,4.59,4.69756839960358,0.10756839960358011,0.10756839960358011,0.011570960593275495
ETANOL,naive_last_price,2,2024-03-25,2025-04-14,2025-04-21,4.59,4.68,0.08999999999999986,0.08999999999999986,0.008099999999999975
ETANOL,random_forest,2,2024-03-25,2025-04-14,2025-04-21,4.59,4.671512703823963,0.08151270382396358,0.08151270382396358,0.006644320884693207
ETANOL,ridge,2,2024-03-25,2025-04-14,2025-04-21,4.59,4.736338610429811,0.14633861042981078,0.14633861042981078,0.021414988902527923
ETANOL,hist_gradient_boosting,2,2024-03-25,2025-04-14,2025-04-28,4.67,4.686531699000122,0.016531699000122302,0.016531699000122302,0.0002732970718306447
ETANOL,naive_last_price,2,2024-03-25,2025-04-14,2025-04-28,4.67,4.59,-0.08000000000000007,0.08000000000000007,0.006400000000000012
ETANOL,random_forest,2,2024-03-25,2025-04-14,2025-04-28,4.67,4.668325820707082,-0.001674179292917799,0.001674179292917799,2.8028763048347415e-06
ETANOL,ridge,2,2024-03-25,2025-04-14,2025-04-28,4.67,4.75329538550228,0.08329538550228044,0.08329538550228044,0.00693812124597351
ETANOL,hist_gradient_boosting,2,2024-03-25,2025-04-14,2025-05-05,4.65,4.686771705499047,0.036771705499046625,0.036771705499046625,0.0013521583253086158
ETANOL,naive_last_price,2,2024-03-25,2025-04-14,2025-05-05,4.65,4.67,0.019999999999999574,0.019999999999999574,0.00039999999999998294
ETANOL,random_forest,2,2024-03-25,2025-04-14,2025-05-05,4.65,4.6695673088023195,0.01956730880231916,0.01956730880231916,0.0003828795737653169
ETANOL,ridge,2,2024-03-25,2025-04-14,2025-05-05,4.65,4.788291561497463,0.13829156149746247,0.13829156149746247,0.019124555981406444
ETANOL,hist_gradient_boosting,2,2024-03-25,2025-04-14,2025-05-12,4.59,4.692327825508731,0.10232782550873143,0.10232782550873143,0.010470983873345387
ETANOL,naive_last_price,2,2024-03-25,2025-04-14,2025-05-12,4.59,4.65,0.0600000000000005,0.0600000000000005,0.0036000000000000597
ETANOL,random_forest,2,2024-03-25,2025-04-14,2025-05-12,4.59,4.668798856421365,0.07879885642136486,0.07879885642136486,0.006209259773314874
ETANOL,ridge,2,2024-03-25,2025-04-14,2025-05-12,4.59,4.775073581652472,0.185073581652472,0.185073581652472,0.03425223062567422
ETANOL,hist_gradient_boosting,3,2024-03-25,2025-05-12,2025-05-19,4.59,4.597644093379713,0.007644093379712835,0.007644093379712835,5.8432163597769594e-05
ETANOL,naive_last_price,3,2024-03-25,2025-05-12,2025-05-19,4.59,4.59,0.0,0.0,0.0
ETANOL,random_forest,3,2024-03-25,2025-05-12,2025-05-19,4.59,4.619070842594898,0.029070842594897783,0.029070842594897783,0.0008451138891773233
ETANOL,ridge,3,2024-03-25,2025-05-12,2025-05-19,4.59,4.625375739681546,0.03537573968154639,0.03537573968154639,0.001251442958016536
ETANOL,hist_gradient_boosting,3,2024-03-25,2025-05-12,2025-05-26,4.59,4.593323950636928,0.0033239506369282523,0.0033239506369282523,1.1048647836735734e-05
ETANOL,naive_last_price,3,2024-03-25,2025-05-12,2025-05-26,4.59,4.59,0.0,0.0,0.0
ETANOL,random_forest,3,2024-03-25,2025-05-12,2025-05-26,4.59,4.6184625092615645,0.028462509261564684,0.028462509261564684,0.0008101144334646554
ETANOL,ridge,3,2024-03-25,2025-05-12,2025-05-26,4.59,4.624109656567468,0.034109656567467894,0.034109656567467894,0.0011634686711506055
ETANOL,hist_gradient_boosting,3,2024-03-25,2025-05-12,2025-06-02,4.59,4.611187050300428,0.021187050300428112,0.021187050300428112,0.00044889110043287093
ETANOL,naive_last_price,3,2024-03-25,2025-05-12,2025-06-02,4.59,4.59,0.0,0.0,0.0
ETANOL,random_forest,3,2024-03-25,2025-05-12,2025-06-02,4.59,4.608965811098616,0.018965811098616392,0.018965811098616392,0.0003597019906284007
ETANOL,ridge,3,2024-03-25,2025-05-12,2025-06-02,4.59,4.623334171002117,0.03333417100211733,0.03333417100211733,0.0011111669563984
ETANOL,hist_gradient_boosting,3,2024-03-25,2025-05-12,2025-06-09,4.59,4.600668517282146,0.010668517282145906,0.010668517282145906,0.00011381726099944588
ETANOL,naive_last_price,3,2024-03-25,2025-05-12,2025-06-09,4.59,4.59,0.0,0.0,0.0
ETANOL,random_forest,3,2024-03-25,2025-05-12,2025-06-09,4.59,4.6052395015748075,0.01523950157480769,0.01523950157480769,0.00023224240824856607
ETANOL,ridge,3,2024-03-25,2025-05-12,2025-06-09,4.59,4.604209852770227,0.014209852770227016,0.014209852770227016,0.0002019199157515284
ETANOL,hist_gradient_boosting,4,2024-03-25,2025-06-09,2025-06-16,4.54,4.568748879596572,0.028748879596571797,0.028748879596571797,0.0008264980780581822
ETANOL,naive_last_price,4,2024-03-25,2025-06-09,2025-06-16,4.54,4.59,0.04999999999999982,0.04999999999999982,0.0024999999999999823
ETANOL,random_forest,4,2024-03-25,2025-06-09,2025-06-16,4.54,4.588432772435874,0.048432772435874405,0.048432772435874405,0.0023457334458251954
ETANOL,ridge,4,2024-03-25,2025-06-09,2025-06-16,4.54,4.56399713016914,0.023997130169139957,0.023997130169139957,0.0005758622563546472
ETANOL,hist_gradient_boosting,4,2024-03-25,2025-06-09,2025-06-23,4.49,4.574405336025246,0.08440533602524614,0.08440533602524614,0.007124260749534713
ETANOL,naive_last_price,4,2024-03-25,2025-06-09,2025-06-23,4.49,4.54,0.04999999999999982,0.04999999999999982,0.0024999999999999823
ETANOL,random_forest,4,2024-03-25,2025-06-09,2025-06-23,4.49,4.582989855769209,0.0929898557692086,0.0929898557692086,0.008647113275978217
ETANOL,ridge,4,2024-03-25,2025-06-09,2025-06-23,4.49,4.529151985436627,0.0391519854366269,0.0391519854366269,0.001532877963629845
ETANOL,hist_gradient_boosting,4,2024-03-25,2025-06-09,2025-06-30,4.49,4.590157067257221,0.10015706725722051,0.10015706725722051,0.010031438121567393
ETANOL,naive_last_price,4,2024-03-25,2025-06-09,2025-06-30,4.49,4.49,0.0,0.0,0.0
ETANOL,random_forest,4,2024-03-25,2025-06-09,2025-06-30,4.49,4.590786404741076,0.10078640474107559,0.10078640474107559,0.010157899380631902
ETANOL,ridge,4,2024-03-25,2025-06-09,2025-06-30,4.49,4.536778089314503,0.04677808931450311,0.04677808931450311,0.00218818963991563
ETANOL,hist_gradient_boosting,4,2024-03-25,2025-06-09,2025-07-07,4.49,4.62950207387742,0.13950207387741997,0.13950207387741997,0.019460828616101142
ETANOL,naive_last_price,4,2024-03-25,2025-06-09,2025-07-07,4.49,4.49,0.0,0.0,0.0
ETANOL,random_forest,4,2024-03-25,2025-06-09,2025-07-07,4.49,4.587444886883932,0.09744488688393194,0.09744488688393194,0.00949550597982229
ETANOL,ridge,4,2024-03-25,2025-06-09,2025-07-07,4.49,4.501406920467357,0.011406920467356585,0.011406920467356585,0.00013011783454859856
ETANOL,hist_gradient_boosting,5,2024-03-25,2025-07-07,2025-07-14,4.49,4.480164691781493,-0.009835308218507421,0.009835308218507421,9.673328775303963e-05
ETANOL,naive_last_price,5,2024-03-25,2025-07-07,2025-07-14,4.49,4.49,0.0,0.0,0.0
ETANOL,random_forest,5,2024-03-25,2025-07-07,2025-07-14,4.49,4.491356240530305,0.0013562405303044756,0.0013562405303044756,1.8393883760405651e-06
ETANOL,ridge,5,2024-03-25,2025-07-07,2025-07-14,4.49,4.494759661336723,0.00475966133672312,0.00475966133672312,2.2654376040296917e-05
ETANOL,hist_gradient_boosting,5,2024-03-25,2025-07-07,2025-07-21,4.49,4.492830161782931,0.002830161782930496,0.002830161782930496,8.009815717560324e-06
ETANOL,naive_last_price,5,2024-03-25,2025-07-07,2025-07-21,4.49,4.49,0.0,0.0,0.0
ETANOL,random_forest,5,2024-03-25,2025-07-07,2025-07-21,4.49,4.495575539772728,0.0055755397727281775,0.0055755397727281775,3.108664375727378e-05
ETANOL,ridge,5,2024-03-25,2025-07-07,2025-07-21,4.49,4.511565548099617,0.021565548099617082,0.021565548099617082,0.000465072864836898
ETANOL,hist_gradient_boosting,5,2024-03-25,2025-07-07,2025-07-28,4.49,4.490156616195929,0.00015661619592854947,0.00015661619592854947,2.4528632827129796e-08
ETANOL,naive_last_price,5,2024-03-25,2025-07-07,2025-07-28,4.49,4.49,0.0,0.0,0.0
ETANOL,random_forest,5,2024-03-25,2025-07-07,2025-07-28,4.49,4.490096895292209,9.689529220846538e-05,9.689529220846538e-05,9.38869765216389e-09
ETANOL,ridge,5,2024-03-25,2025-07-07,2025-07-28,4.49,4.50662668660201,0.0166266866020095,0.0166266866020095,0.00027644670736144217
ETANOL,hist_gradient_boosting,5,2024-03-25,2025-07-07,2025-08-04,4.39,4.501182963322674,0.11118296332267441,0.11118296332267441,0.012361651333211163
ETANOL,naive_last_price,5,2024-03-25,2025-07-07,2025-08-04,4.39,4.49,0.10000000000000053,0.10000000000000053,0.010000000000000106
ETANOL,random_forest,5,2024-03-25,2025-07-07,2025-08-04,4.39,4.488803695887445,0.09880369588744564,0.09880369588744564,0.009762170321018842
ETANOL,ridge,5,2024-03-25,2025-07-07,2025-08-04,4.39,4.49533469949356,0.10533469949356,0.10533469949356,0.01109539891739859
ETANOL,hist_gradient_boosting,6,2024-03-25,2025-08-04,2025-08-11,4.485,4.421453470001936,-0.06354652999806465,0.06354652999806465,0.00403816147479493
ETANOL,naive_last_price,6,2024-03-25,2025-08-04,2025-08-11,4.485,4.39,-0.09500000000000064,0.09500000000000064,0.009025000000000121
ETANOL,random_forest,6,2024-03-25,2025-08-04,2025-08-11,4.485,4.421545606962491,-0.06345439303750933,0.06345439303750933,0.004026459995758712
ETANOL,ridge,6,2024-03-25,2025-08-04,2025-08-11,4.485,4.408814166602122,-0.07618583339787843,0.07618583339787843,0.005804281210529289
ETANOL,hist_gradient_boosting,6,2024-03-25,2025-08-04,2025-08-18,4.39,4.40136773440879,0.011367734408790575,0.011367734408790575,0.00012922538558880121
ETANOL,naive_last_price,6,2024-03-25,2025-08-04,2025-08-18,4.39,4.485,0.09500000000000064,0.09500000000000064,0.009025000000000121
ETANOL,random_forest,6,2024-03-25,2025-08-04,2025-08-18,4.39,4.425662109938682,0.03566210993868246,0.03566210993868246,0.0012717860852786745
ETANOL,ridge,6,2024-03-25,2025-08-04,2025-08-18,4.39,4.500310048495887,0.11031004849588744,0.11031004849588744,0.012168306799165038
ETANOL,hist_gradient_boosting,6,2024-03-25,2025-08-04,2025-08-25,4.445,4.429377566953665,-0.01562243304633526,0.01562243304633526,0.000244060414287228
ETANOL,naive_last_price,6,2024-03-25,2025-08-04,2025-08-25,4.445,4.39,-0.055000000000000604,0.055000000000000604,0.0030250000000000663
ETANOL,random_forest,6,2024-03-25,2025-08-04,2025-08-25,4.445,4.422468900613283,-0.02253109938671738,0.02253109938671738,0.0005076504395741362
ETANOL,ridge,6,2024-03-25,2025-08-04,2025-08-25,4.445,4.4035405985065665,-0.041459401493433745,0.041459401493433745,0.0017188819721937363
ETANOL,hist_gradient_boosting,6,2024-03-25,2025-08-04,2025-09-01,4.46,4.424410828191193,-0.03558917180880705,0.03558917180880705,0.0012665891500367866
ETANOL,naive_last_price,6,2024-03-25,2025-08-04,2025-09-01,4.46,4.445,-0.01499999999999968,0.01499999999999968,0.0002249999999999904
ETANOL,random_forest,6,2024-03-25,2025-08-04,2025-09-01,4.46,4.425930443272013,-0.03406955672798695,0.03406955672798695,0.0011607346956415208
ETANOL,ridge,6,2024-03-25,2025-08-04,2025-09-01,4.46,4.432027200589259,-0.027972799410741267,0.027972799410741267,0.000782477506873567
ETANOL,hist_gradient_boosting,7,2024-03-25,2025-09-01,2025-09-08,4.44,4.438310722077276,-0.0016892779227246635,0.0016892779227246635,2.853659900204954e-06
ETANOL,naive_last_price,7,2024-03-25,2025-09-01,2025-09-08,4.44,4.46,0.019999999999999574,0.019999999999999574,0.00039999999999998294
ETANOL,random_forest,7,2024-03-25,2025-09-01,2025-09-08,4.44,4.430974105657417,-0.009025894342583385,0.009025894342583385,8.146676868347875e-05
ETANOL,ridge,7,2024-03-25,2025-09-01,2025-09-08,4.44,4.452030441091845,0.012030441091845034,0.012030441091845034,0.00014473151286435355
ETANOL,hist_gradient_boosting,7,2024-03-25,2025-09-01,2025-09-15,4.485,4.451498244813892,-0.03350175518610854,0.03350175518610854,0.0011223676005499505
ETANOL,naive_last_price,7,2024-03-25,2025-09-01,2025-09-15,4.485,4.44,-0.04499999999999993,0.04499999999999993,0.002024999999999994
ETANOL,random_forest,7,2024-03-25,2025-09-01,2025-09-15,4.485,4.428394230899499,-0.056605769100501746,0.056605769100501746,0.0032042130954593184
ETANOL,ridge,7,2024-03-25,2025-09-01,2025-09-15,4.485,4.424818234729884,-0.06018176527011665,0.06018176527011665,0.0036218448710274185
ETANOL,hist_gradient_boosting,7,2024-03-25,2025-09-01,2025-09-22,4.49,4.448415773624313,-0.04158422637568737,0.04158422637568737,0.0017292478832644134
ETANOL,naive_last_price,7,2024-03-25,2025-09-01,2025-09-22,4.49,4.485,-0.004999999999999893,0.004999999999999893,2.4999999999998934e-05
ETANOL,random_forest,7,2024-03-25,2025-09-01,2025-09-22,4.49,4.427175753266022,-0.06282424673397813,0.06282424673397813,0.0039468859776917616
ETANOL,ridge,7,2024-03-25,2025-09-01,2025-09-22,4.49,4.444037105061486,-0.0459628949385138,0.0459628949385138,0.002112587711128857
ETANOL,hist_gradient_boosting,7,2024-03-25,2025-09-01,2025-09-29,4.49,4.4411156120296384,-0.048884387970361765,0.048884387970361765,0.00238968338723685
ETANOL,naive_last_price,7,2024-03-25,2025-09-01,2025-09-29,4.49,4.49,0.0,0.0,0.0
ETANOL,random_forest,7,2024-03-25,2025-09-01,2025-09-29,4.49,4.428194578815472,-0.06180542118452781,0.06180542118452781,0.003819910087796879
ETANOL,ridge,7,2024-03-25,2025-09-01,2025-09-29,4.49,4.44134956724015,-0.04865043275985048,0.04865043275985048,0.002366864607720733
ETANOL,hist_gradient_boosting,8,2024-03-25,2025-09-29,2025-10-06,4.49,4.459899987221151,-0.030100012778849106,0.030100012778849106,0.0009060107692868795
ETANOL,naive_last_price,8,2024-03-25,2025-09-29,2025-10-06,4.49,4.49,0.0,0.0,0.0
ETANOL,random_forest,8,2024-03-25,2025-09-29,2025-10-06,4.49,4.467519059190996,-0.02248094080900387,0.02248094080900387,0.0005053926996579356
ETANOL,ridge,8,2024-03-25,2025-09-29,2025-10-06,4.49,4.458402718169616,-0.03159728183038446,0.03159728183038446,0.000998388219068744
ETANOL,hist_gradient_boosting,8,2024-03-25,2025-09-29,2025-10-13,4.49,4.442384120202617,-0.04761587979738291,0.04761587979738291,0.002267272008878818
ETANOL,naive_last_price,8,2024-03-25,2025-09-29,2025-10-13,4.49,4.49,0.0,0.0,0.0
ETANOL,random_forest,8,2024-03-25,2025-09-29,2025-10-13,4.49,4.459490220252158,-0.030509779747842636,0.030509779747842636,0.0009308466602618687
ETANOL,ridge,8,2024-03-25,2025-09-29,2025-10-13,4.49,4.451780979279897,-0.038219020720103636,0.038219020720103636,0.0014606935448037111
ETANOL,hist_gradient_boosting,8,2024-03-25,2025-09-29,2025-10-20,4.54,4.440584819362693,-0.09941518063730737,0.09941518063730737,0.009883378141148454
ETANOL,naive_last_price,8,2024-03-25,2025-09-29,2025-10-20,4.54,4.49,-0.04999999999999982,0.04999999999999982,0.0024999999999999823
ETANOL,random_forest,8,2024-03-25,2025-09-29,2025-10-20,4.54,4.458542411758567,-0.08145758824143279,0.08145758824143279,0.006635338682110809
ETANOL,ridge,8,2024-03-25,2025-09-29,2025-10-20,4.54,4.45688978814082,-0.08311021185918044,0.08311021185918044,0.0069073073152778565
ETANOL,hist_gradient_boosting,8,2024-03-25,2025-09-29,2025-10-27,4.59,4.459166332599135,-0.13083366740086522,0.13083366740086522,0.01711744852556022
ETANOL,naive_last_price,8,2024-03-25,2025-09-29,2025-10-27,4.59,4.54,-0.04999999999999982,0.04999999999999982,0.0024999999999999823
ETANOL,random_forest,8,2024-03-25,2025-09-29,2025-10-27,4.59,4.46324532407195,-0.12675467592804956,0.12675467592804956,0.016066747869624868
ETANOL,ridge,8,2024-03-25,2025-09-29,2025-10-27,4.59,4.499934305041549,-0.09006569495845085,0.09006569495845085,0.008111829408348719
ETANOL,hist_gradient_boosting,9,2024-03-25,2025-10-27,2025-11-03,4.49,4.543378836462984,0.05337883646298369,0.05337883646298369,0.0028493001821419573
ETANOL,naive_last_price,9,2024-03-25,2025-10-27,2025-11-03,4.49,4.59,0.09999999999999964,0.09999999999999964,0.009999999999999929
ETANOL,random_forest,9,2024-03-25,2025-10-27,2025-11-03,4.49,4.546886741756959,0.056886741756958514,0.056886741756958514,0.0032361013877228876
ETANOL,ridge,9,2024-03-25,2025-10-27,2025-11-03,4.49,4.5757054251435365,0.0857054251435363,0.0857054251435363,0.007345419899034303
ETANOL,hist_gradient_boosting,9,2024-03-25,2025-10-27,2025-11-10,4.49,4.466634839781023,-0.023365160218976833,0.023365160218976833,0.0005459307120584575
ETANOL,naive_last_price,9,2024-03-25,2025-10-27,2025-11-10,4.49,4.49,0.0,0.0,0.0
ETANOL,random_forest,9,2024-03-25,2025-10-27,2025-11-10,4.49,4.489766297340269,-0.00023370265973099436,0.00023370265973099436,5.461693316534093e-08
ETANOL,ridge,9,2024-03-25,2025-10-27,2025-11-10,4.49,4.55772775987806,0.06772775987805968,0.06772775987805968,0.00458704945810011
ETANOL,hist_gradient_boosting,9,2024-03-25,2025-10-27,2025-11-17,4.59,4.501106744528942,-0.0888932554710582,0.0888932554710582,0.007902010868242819
ETANOL,naive_last_price,9,2024-03-25,2025-10-27,2025-11-17,4.59,4.49,-0.09999999999999964,0.09999999999999964,0.009999999999999929
ETANOL,random_forest,9,2024-03-25,2025-10-27,2025-11-17,4.59,4.490899498999721,-0.09910050100027856,0.09910050100027856,0.009820909298506212
ETANOL,ridge,9,2024-03-25,2025-10-27,2025-11-17,4.59,4.5357928333607305,-0.05420716663926939,0.05420716663926939,0.0029384169150575203
ETANOL,hist_gradient_boosting,9,2024-03-25,2025-10-27,2025-11-24,4.59,4.546617338126126,-0.043382661873874184,0.043382661873874184,0.0018820553512628967
ETANOL,naive_last_price,9,2024-03-25,2025-10-27,2025-11-24,4.59,4.59,0.0,0.0,0.0
ETANOL,random_forest,9,2024-03-25,2025-10-27,2025-11-24,4.59,4.542376743820868,-0.04762325617913188,0.04762325617913188,0.0022679745291032225
ETANOL,ridge,9,2024-03-25,2025-10-27,2025-11-24,4.59,4.601831945890068,0.011831945890068418,0.011831945890068418,0.00013999494354550695
ETANOL,hist_gradient_boosting,10,2024-03-25,2025-11-24,2025-12-01,4.59,4.550663989451116,-0.039336010548884026,0.039336010548884026,0.0015473217259019153
ETANOL,naive_last_price,10,2024-03-25,2025-11-24,2025-12-01,4.59,4.59,0.0,0.0,0.0
ETANOL,random_forest,10,2024-03-25,2025-11-24,2025-12-01,4.59,4.53946247467466,-0.05053752532533995,0.05053752532533995,0.002554041466009377
ETANOL,ridge,10,2024-03-25,2025-11-24,2025-12-01,4.59,4.594840440664884,0.004840440664883872,0.004840440664883872,2.3429865830261415e-05
ETANOL,hist_gradient_boosting,10,2024-03-25,2025-11-24,2025-12-08,4.69,4.5412428015538735,-0.1487571984461269,0.1487571984461269,0.022128704089540378
ETANOL,naive_last_price,10,2024-03-25,2025-11-24,2025-12-08,4.69,4.59,-0.10000000000000053,0.10000000000000053,0.010000000000000106
ETANOL,random_forest,10,2024-03-25,2025-11-24,2025-12-08,4.69,4.542474152828375,-0.1475258471716252,0.1475258471716252,0.021763875583705714
ETANOL,ridge,10,2024-03-25,2025-11-24,2025-12-08,4.69,4.610069414012818,-0.07993058598718239,0.07993058598718239,0.006388898576254358
ETANOL,hist_gradient_boosting,10,2024-03-25,2025-11-24,2025-12-15,4.69,4.561041675337926,-0.12895832466207402,0.12895832466207402,0.016630249499648888
ETANOL,naive_last_price,10,2024-03-25,2025-11-24,2025-12-15,4.69,4.69,0.0,0.0,0.0
ETANOL,random_forest,10,2024-03-25,2025-11-24,2025-12-15,4.69,4.559883439754689,-0.1301165602453116,0.1301165602453116,0.016930319250071803
ETANOL,ridge,10,2024-03-25,2025-11-24,2025-12-15,4.69,4.677465020830194,-0.01253497916980617,0.01253497916980617,0.0001571257027874746
ETANOL,hist_gradient_boosting,10,2024-03-25,2025-11-24,2025-12-22,4.69,4.571403182689041,-0.1185968173109595,0.1185968173109595,0.014065205076289103
ETANOL,naive_last_price,10,2024-03-25,2025-11-24,2025-12-22,4.69,4.69,0.0,0.0,0.0
ETANOL,random_forest,10,2024-03-25,2025-11-24,2025-12-22,4.69,4.561147328643578,-0.1288526713564222,0.1288526713564222,0.016603010915686146
ETANOL,ridge,10,2024-03-25,2025-11-24,2025-12-22,4.69,4.69083848223067,0.0008384822306695128,0.0008384822306695128,7.03052451148522e-07
ETANOL,hist_gradient_boosting,11,2024-03-25,2025-12-22,2025-12-29,4.79,4.6879937731775945,-0.10200622682240557,0.10200622682240557,0.010405270310544053
ETANOL,naive_last_price,11,2024-03-25,2025-12-22,2025-12-29,4.79,4.69,-0.09999999999999964,0.09999999999999964,0.009999999999999929
ETANOL,random_forest,11,2024-03-25,2025-12-22,2025-12-29,4.79,4.679874889971163,-0.11012511002883674,0.11012511002883674,0.012127539858863398
ETANOL,ridge,11,2024-03-25,2025-12-22,2025-12-29,4.79,4.701570556424739,-0.08842944357526061,0.08842944357526061,0.007819766491030201
ETANOL,hist_gradient_boosting,11,2024-03-25,2025-12-22,2026-01-05,4.79,4.686204458111358,-0.10379554188864226,0.10379554188864226,0.01077351451595689
ETANOL,naive_last_price,11,2024-03-25,2025-12-22,2026-01-05,4.79,4.79,0.0,0.0,0.0
ETANOL,random_forest,11,2024-03-25,2025-12-22,2026-01-05,4.79,4.679662389971163,-0.11033761002883669,0.11033761002883669,0.012174388186875641
ETANOL,ridge,11,2024-03-25,2025-12-22,2026-01-05,4.79,4.815652838040507,0.02565283804050722,0.02565283804050722,0.0006580680995324943
ETANOL,hist_gradient_boosting,11,2024-03-25,2025-12-22,2026-01-12,4.89,4.684880097886088,-0.2051199021139114,0.2051199021139114,0.042074174243220595
ETANOL,naive_last_price,11,2024-03-25,2025-12-22,2026-01-12,4.89,4.79,-0.09999999999999964,0.09999999999999964,0.009999999999999929
ETANOL,random_forest,11,2024-03-25,2025-12-22,2026-01-12,4.89,4.679466556637829,-0.21053344336217084,0.21053344336217084,0.04432433077393239
ETANOL,ridge,11,2024-03-25,2025-12-22,2026-01-12,4.89,4.82201077096244,-0.06798922903755944,0.06798922903755944,0.004622535265121716
ETANOL,hist_gradient_boosting,11,2024-03-25,2025-12-22,2026-01-19,4.96,4.69196887388983,-0.26803112611017,0.26803112611017,0.07184068456388586
ETANOL,naive_last_price,11,2024-03-25,2025-12-22,2026-01-19,4.96,4.89,-0.07000000000000028,0.07000000000000028,0.00490000000000004
ETANOL,random_forest,11,2024-03-25,2025-12-22,2026-01-19,4.96,4.678577945526715,-0.2814220544732846,0.2814220544732846,0.07919837274396437
ETANOL,ridge,11,2024-03-25,2025-12-22,2026-01-19,4.96,4.869339116557514,-0.09066088344248602,0.09066088344248602,0.008219395786572036
ETANOL,hist_gradient_boosting,12,2024-03-25,2026-01-19,2026-01-26,4.99,4.877612862064417,-0.11238713793558297,0.11238713793558297,0.012630868773351752
ETANOL,naive_last_price,12,2024-03-25,2026-01-19,2026-01-26,4.99,4.96,-0.03000000000000025,0.03000000000000025,0.0009000000000000149
ETANOL,random_forest,12,2024-03-25,2026-01-19,2026-01-26,4.99,4.814782116702745,-0.17521788329725485,0.17521788329725485,0.03070130662717042
ETANOL,ridge,12,2024-03-25,2026-01-19,2026-01-26,4.99,4.972691406773165,-0.017308593226835534,0.017308593226835534,0.0002995873994920569
ETANOL,hist_gradient_boosting,12,2024-03-25,2026-01-19,2026-02-02,4.99,4.877612862064417,-0.11238713793558297,0.11238713793558297,0.012630868773351752
ETANOL,naive_last_price,12,2024-03-25,2026-01-19,2026-02-02,4.99,4.99,0.0,0.0,0.0
ETANOL,random_forest,12,2024-03-25,2026-01-19,2026-02-02,4.99,4.789972982850489,-0.20002701714951154,0.20002701714951154,0.04001080758973098
ETANOL,ridge,12,2024-03-25,2026-01-19,2026-02-02,4.99,5.003967491367817,0.01396749136781672,0.01396749136781672,0.0001950908151100346
ETANOL,hist_gradient_boosting,12,2024-03-25,2026-01-19,2026-02-09,4.99,4.8204093826189105,-0.16959061738108971,0.16959061738108971,0.02876097750369917
ETANOL,naive_last_price,12,2024-03-25,2026-01-19,2026-02-09,4.99,4.99,0.0,0.0,0.0
ETANOL,random_forest,12,2024-03-25,2026-01-19,2026-02-09,4.99,4.777655827367084,-0.21234417263291583,0.21234417263291583,0.04509004765115756
ETANOL,ridge,12,2024-03-25,2026-01-19,2026-02-09,4.99,4.963219502340464,-0.026780497659536273,0.026780497659536273,0.0007171950548924278
ETANOL,hist_gradient_boosting,12,2024-03-25,2026-01-19,2026-02-16,4.99,4.804383876054552,-0.18561612394544813,0.18561612394544813,0.03445334546853196
ETANOL,naive_last_price,12,2024-03-25,2026-01-19,2026-02-16,4.99,4.99,0.0,0.0,0.0
ETANOL,random_forest,12,2024-03-25,2026-01-19,2026-02-16,4.99,4.773686452367086,-0.21631354763291455,0.21631354763291455,0.04679155088953719
ETANOL,ridge,12,2024-03-25,2026-01-19,2026-02-16,4.99,4.952665898817608,-0.03733410118239178,0.03733410118239178,0.001393835111097067
ETANOL,hist_gradient_boosting,13,2024-03-25,2026-02-16,2026-02-23,4.99,4.941904937115877,-0.0480950628841228,0.0480950628841228,0.002313135073827726
ETANOL,naive_last_price,13,2024-03-25,2026-02-16,2026-02-23,4.99,4.99,0.0,0.0,0.0
ETANOL,random_forest,13,2024-03-25,2026-02-16,2026-02-23,4.99,4.939340762085135,-0.05065923791486515,0.05065923791486515,0.002566358386114911
ETANOL,ridge,13,2024-03-25,2026-02-16,2026-02-23,4.99,4.969377538965318,-0.020622461034681905,0.020622461034681905,0.00042528589912697347
ETANOL,hist_gradient_boosting,13,2024-03-25,2026-02-16,2026-03-02,4.99,4.866191552984869,-0.12380844701513105,0.12380844701513105,0.015328531552298514
ETANOL,naive_last_price,13,2024-03-25,2026-02-16,2026-03-02,4.99,4.99,0.0,0.0,0.0
ETANOL,random_forest,13,2024-03-25,2026-02-16,2026-03-02,4.99,4.935301982323231,-0.05469801767676952,0.05469801767676952,0.0029918731377681904
ETANOL,ridge,13,2024-03-25,2026-02-16,2026-03-02,4.99,4.9573329388506675,-0.03266706114933271,0.03266706114933271,0.0010671368841342426
ETANOL,hist_gradient_boosting,13,2024-03-25,2026-02-16,2026-03-09,5.0600000000000005,4.864002707450083,-0.19599729254991782,0.19599729254991782,0.038414938686898076
ETANOL,naive_last_price,13,2024-03-25,2026-02-16,2026-03-09,5.0600000000000005,4.99,-0.07000000000000028,0.07000000000000028,0.00490000000000004
ETANOL,random_forest,13,2024-03-25,2026-02-16,2026-03-09,5.0600000000000005,4.933768648989898,-0.12623135101010252,0.12623135101010252,0.01593435397783571
ETANOL,ridge,13,2024-03-25,2026-02-16,2026-03-09,5.0600000000000005,4.973271256997459,-0.08672874300254119,0.08672874300254119,0.007521874862800836
ETANOL,hist_gradient_boosting,13,2024-03-25,2026-02-16,2026-03-16,5.09,4.864002707450083,-0.22599729254991718,0.22599729254991718,0.05107477623989285
ETANOL,naive_last_price,13,2024-03-25,2026-02-16,2026-03-16,5.09,5.0600000000000005,-0.02999999999999936,0.02999999999999936,0.0008999999999999616
ETANOL,random_forest,13,2024-03-25,2026-02-16,2026-03-16,5.09,4.931327577561326,-0.15867242243867352,0.15867242243867352,0.025176937642556865
ETANOL,ridge,13,2024-03-25,2026-02-16,2026-03-16,5.09,5.045495526456196,-0.044504473543804046,0.044504473543804046,0.001980648165411154
ETANOL,hist_gradient_boosting,14,2024-03-25,2026-03-16,2026-03-23,5.19,5.030794530934437,-0.15920546906556332,0.15920546906556332,0.02534638138038604
ETANOL,naive_last_price,14,2024-03-25,2026-03-16,2026-03-23,5.19,5.09,-0.10000000000000053,0.10000000000000053,0.010000000000000106
ETANOL,random_forest,14,2024-03-25,2026-03-16,2026-03-23,5.19,4.928861698371074,-0.26113830162892615,0.26113830162892615,0.06819321257764001
ETANOL,ridge,14,2024-03-25,2026-03-16,2026-03-23,5.19,5.0880238003167255,-0.10197619968327487,0.10197619968327487,0.01039914530184315
ETANOL,hist_gradient_boosting,14,2024-03-25,2026-03-16,2026-03-30,5.140000000000001,5.02509609048103,-0.11490390951897034,0.11490390951897034,0.013202908422743721
ETANOL,naive_last_price,14,2024-03-25,2026-03-16,2026-03-30,5.140000000000001,5.19,0.04999999999999982,0.04999999999999982,0.0024999999999999823
ETANOL,random_forest,14,2024-03-25,2026-03-16,2026-03-30,5.140000000000001,4.927261939171941,-0.2127380608280598,0.2127380608280598,0.04525748252488327
ETANOL,ridge,14,2024-03-25,2026-03-16,2026-03-30,5.140000000000001,5.193650803684868,0.0536508036848673,0.0536508036848673,0.0028784087360321704
ETANOL,hist_gradient_boosting,14,2024-03-25,2026-03-16,2026-05-04,4.99,5.01939358016641,0.029393580166409805,0.029393580166409805,0.0008639825549991598
ETANOL,naive_last_price,14,2024-03-25,2026-03-16,2026-05-04,4.99,5.140000000000001,0.15000000000000036,0.15000000000000036,0.022500000000000107
ETANOL,random_forest,14,2024-03-25,2026-03-16,2026-05-04,4.99,4.924510451076702,-0.06548954892329828,0.06548954892329828,0.004288881018177079
ETANOL,ridge,14,2024-03-25,2026-03-16,2026-05-04,4.99,5.340760637635176,0.35076063763517595,0.35076063763517595,0.12303302491423522
ETANOL,hist_gradient_boosting,14,2024-03-25,2026-03-16,2026-05-11,4.99,5.019049311086537,0.029049311086536633,0.029049311086536633,0.0008438624746023802
ETANOL,naive_last_price,14,2024-03-25,2026-03-16,2026-05-11,4.99,4.99,0.0,0.0,0.0
ETANOL,random_forest,14,2024-03-25,2026-03-16,2026-05-11,4.99,4.9206295780608285,-0.06937042193917176,0.06937042193917176,0.004812255440018722
ETANOL,ridge,14,2024-03-25,2026-03-16,2026-05-11,4.99,5.088133257986414,0.09813325798641337,0.09813325798641337,0.009630136323027963
ETANOL,hist_gradient_boosting,15,2024-03-25,2026-05-11,2026-05-18,4.89,5.001001878107593,0.11100187810759365,0.11100187810759365,0.01232141694341308
ETANOL,naive_last_price,15,2024-03-25,2026-05-11,2026-05-18,4.89,4.99,0.10000000000000053,0.10000000000000053,0.010000000000000106
ETANOL,random_forest,15,2024-03-25,2026-05-11,2026-05-18,4.89,5.007334246933621,0.1173342469336216,0.1173342469336216,0.01376732550348009
ETANOL,ridge,15,2024-03-25,2026-05-11,2026-05-18,4.89,5.013416807922575,0.1234168079225757,0.1234168079225757,0.015231708477797944
ETANOL,hist_gradient_boosting,15,2024-03-25,2026-05-11,2026-05-25,4.89,4.989330972189664,0.09933097218966402,0.09933097218966402,0.009866642036143809
ETANOL,naive_last_price,15,2024-03-25,2026-05-11,2026-05-25,4.89,4.89,0.0,0.0,0.0
ETANOL,random_forest,15,2024-03-25,2026-05-11,2026-05-25,4.89,5.002838562409813,0.11283856240981294,0.11283856240981294,0.012732541166713249
ETANOL,ridge,15,2024-03-25,2026-05-11,2026-05-25,4.89,4.9418910533209885,0.05189105332098887,0.05189105332098887,0.0026926814147617095
ETANOL,hist_gradient_boosting,15,2024-03-25,2026-05-11,2026-06-01,4.89,4.966338494398225,0.07633849439822527,0.07633849439822527,0.00582756572698787
ETANOL,naive_last_price,15,2024-03-25,2026-05-11,2026-06-01,4.89,4.89,0.0,0.0,0.0
ETANOL,random_forest,15,2024-03-25,2026-05-11,2026-06-01,4.89,5.001104038600288,0.11110403860028839,0.11110403860028839,0.012344107393294373
ETANOL,ridge,15,2024-03-25,2026-05-11,2026-06-01,4.89,4.890365626489972,0.00036562648997229275,0.00036562648997229275,1.336827301694591e-07
ETANOL,hist_gradient_boosting,15,2024-03-25,2026-05-11,2026-06-08,4.89,4.956264291326693,0.06626429132669376,0.06626429132669376,0.004390956305028942
ETANOL,naive_last_price,15,2024-03-25,2026-05-11,2026-06-08,4.89,4.89,0.0,0.0,0.0
ETANOL,random_forest,15,2024-03-25,2026-05-11,2026-06-08,4.89,5.002010983044732,0.11201098304473245,0.11201098304473245,0.01254646032264734
ETANOL,ridge,15,2024-03-25,2026-05-11,2026-06-08,4.89,4.87471444268728,-0.015285557312719966,0.015285557312719966,0.00023364826236044683
ETANOL,hist_gradient_boosting,16,2024-03-25,2026-06-08,2026-06-15,4.89,4.8888532599656855,-0.001146740034314142,0.001146740034314142,1.3150127062987998e-06
ETANOL,naive_last_price,16,2024-03-25,2026-06-08,2026-06-15,4.89,4.89,0.0,0.0,0.0
ETANOL,random_forest,16,2024-03-25,2026-06-08,2026-06-15,4.89,4.911295115440127,0.021295115440127077,0.021295115440127077,0.00045348194160833865
ETANOL,ridge,16,2024-03-25,2026-06-08,2026-06-15,4.89,4.843529890442181,-0.04647010955781905,0.04647010955781905,0.0021594710823157055
ETANOL,hist_gradient_boosting,16,2024-03-25,2026-06-08,2026-06-22,4.89,4.900928593292766,0.010928593292766742,0.010928593292766742,0.00011943415135870622
ETANOL,naive_last_price,16,2024-03-25,2026-06-08,2026-06-22,4.89,4.89,0.0,0.0,0.0
ETANOL,random_forest,16,2024-03-25,2026-06-08,2026-06-22,4.89,4.911767575757586,0.021767575757586144,0.021767575757586144,0.000473827354362252
ETANOL,ridge,16,2024-03-25,2026-06-08,2026-06-22,4.89,4.841467092067755,-0.04853290793224474,0.04853290793224474,0.002355443152359744
ETANOL,hist_gradient_boosting,16,2024-03-25,2026-06-08,2026-06-29,4.85,4.898511607252972,0.048511607252972766,0.048511607252972766,0.0023533760382666797
ETANOL,naive_last_price,16,2024-03-25,2026-06-08,2026-06-29,4.85,4.89,0.040000000000000036,0.040000000000000036,0.001600000000000003
ETANOL,random_forest,16,2024-03-25,2026-06-08,2026-06-29,4.85,4.930519034090918,0.08051903409091832,0.08051903409091832,0.0064833148509344666
ETANOL,ridge,16,2024-03-25,2026-06-08,2026-06-29,4.85,4.850272058847118,0.00027205884711811734,0.00027205884711811734,7.401601629523914e-08
ETANOL,hist_gradient_boosting,16,2024-03-25,2026-06-08,2026-07-06,4.89,4.888798667971847,-0.0012013320281525353,0.0012013320281525353,1.4431986418650837e-06
ETANOL,naive_last_price,16,2024-03-25,2026-06-08,2026-07-06,4.89,4.85,-0.040000000000000036,0.040000000000000036,0.001600000000000003
ETANOL,random_forest,16,2024-03-25,2026-06-08,2026-07-06,4.89,4.927474430916315,0.037474430916315526,0.037474430916315526,0.001404332972501705
ETANOL,ridge,16,2024-03-25,2026-06-08,2026-07-06,4.89,4.833841603004458,-0.05615839699554126,0.05615839699554126,0.0031537655531088176
ETANOL,hist_gradient_boosting,17,2024-03-25,2026-07-06,2026-07-13,4.79,4.86688122212398,0.07688122212397985,0.07688122212397985,0.005910722315276729
ETANOL,naive_last_price,17,2024-03-25,2026-07-06,2026-07-13,4.79,4.89,0.09999999999999964,0.09999999999999964,0.009999999999999929
ETANOL,random_forest,17,2024-03-25,2026-07-06,2026-07-13,4.79,4.888017046425819,0.09801704642581921,0.09801704642581921,0.0096073413900412
ETANOL,ridge,17,2024-03-25,2026-07-06,2026-07-13,4.79,4.870015463232092,0.08001546323209219,0.08001546323209219,0.006402474356246296
ETANOL,hist_gradient_boosting,17,2024-03-25,2026-07-06,2026-07-20,4.79,4.87603491811836,0.08603491811835973,0.08603491811835973,0.007402007135632863
ETANOL,naive_last_price,17,2024-03-25,2026-07-06,2026-07-20,4.79,4.79,0.0,0.0,0.0
ETANOL,random_forest,17,2024-03-25,2026-07-06,2026-07-20,4.79,4.880805839715863,0.09080583971586265,0.09080583971586265,0.008245700526502938
ETANOL,ridge,17,2024-03-25,2026-07-06,2026-07-20,4.79,4.8142722383662715,0.02427223836627146,0.02427223836627146,0.0005891415553091002
ETANOL,hist_gradient_boosting,17,2024-03-25,2026-07-06,2026-07-27,4.79,4.860508942516348,0.07050894251634787,0.07050894251634787,0.004971510974773648
ETANOL,naive_last_price,17,2024-03-25,2026-07-06,2026-07-27,4.79,4.79,0.0,0.0,0.0
ETANOL,random_forest,17,2024-03-25,2026-07-06,2026-07-27,4.79,4.8776267028111,0.08762670281110019,0.08762670281110019,0.007678439045544874
ETANOL,ridge,17,2024-03-25,2026-07-06,2026-07-27,4.79,4.800999763479155,0.010999763479154545,0.010999763479154545,0.0001209947965973421
ETANOL,hist_gradient_boosting,17,2024-03-25,2026-07-06,2026-08-03,4.79,4.853234734254059,0.0632347342540589,0.0632347342540589,0.00399863161618145
ETANOL,naive_last_price,17,2024-03-25,2026-07-06,2026-08-03,4.79,4.79,0.0,0.0,0.0
ETANOL,random_forest,17,2024-03-25,2026-07-06,2026-08-03,4.79,4.883571148157414,0.09357114815741419,0.09357114815741419,0.008755559767496757
ETANOL,ridge,17,2024-03-25,2026-07-06,2026-08-03,4.79,4.779826958164371,-0.01017304183562917,0.01017304183562917,0.00010349078018946132
ETANOL,hist_gradient_boosting,18,2024-03-25,2026-08-03,2026-08-10,4.765,4.777642532660205,0.012642532660205319,0.012642532660205319,0.00015983363206435817
ETANOL,naive_last_price,18,2024-03-25,2026-08-03,2026-08-10,4.765,4.79,0.025000000000000355,0.025000000000000355,0.0006250000000000178
ETANOL,random_forest,18,2024-03-25,2026-08-03,2026-08-10,4.765,4.8010319887750965,0.036031988775096835,0.036031988775096835,0.0012983042150887044
ETANOL,ridge,18,2024-03-25,2026-08-03,2026-08-10,4.765,4.778740027095778,0.013740027095778373,0.013740027095778373,0.00018878834459272389
ETANOL,hist_gradient_boosting,18,2024-03-25,2026-08-03,2026-08-17,4.69,4.775272851249176,0.08527285124917583,0.08527285124917583,0.007271459160164068
ETANOL,naive_last_price,18,2024-03-25,2026-08-03,2026-08-17,4.69,4.765,0.07499999999999929,0.07499999999999929,0.005624999999999893
ETANOL,random_forest,18,2024-03-25,2026-08-03,2026-08-17,4.69,4.80175282210843,0.1117528221084294,0.1117528221084294,0.012488693249198268
ETANOL,ridge,18,2024-03-25,2026-08-03,2026-08-17,4.69,4.769316330559045,0.07931633055904452,0.07931633055904452,0.00629108029335162
ETANOL,hist_gradient_boosting,18,2024-03-25,2026-08-03,2026-08-24,4.74,4.780816787924467,0.040816787924466524,0.040816787924466524,0.0016660101764708762
ETANOL,naive_last_price,18,2024-03-25,2026-08-03,2026-08-24,4.74,4.69,-0.04999999999999982,0.04999999999999982,0.0024999999999999823
ETANOL,random_forest,18,2024-03-25,2026-08-03,2026-08-24,4.74,4.792096959013196,0.052096959013195665,0.052096959013195665,0.0027140931384225893
ETANOL,ridge,18,2024-03-25,2026-08-03,2026-08-24,4.74,4.725286995429187,-0.014713004570813482,0.014713004570813482,0.0002164725035007784
ETANOL,hist_gradient_boosting,18,2024-03-25,2026-08-03,2026-08-31,4.765,4.748778143365167,-0.01622185663483311,0.01622185663483311,0.00026314863268107896
ETANOL,naive_last_price,18,2024-03-25,2026-08-03,2026-08-31,4.765,4.74,-0.024999999999999467,0.024999999999999467,0.0006249999999999733
ETANOL,random_forest,18,2024-03-25,2026-08-03,2026-08-31,4.765,4.776399290362406,0.011399290362406056,0.011399290362406056,0.0001299438207664436
ETANOL,ridge,18,2024-03-25,2026-08-03,2026-08-31,4.765,4.7461267105753535,-0.018873289424646167,0.018873289424646167,0.00035620105370646083
ETANOL,hist_gradient_boosting,19,2024-03-25,2026-08-31,2026-09-07,4.79,4.7345860406861755,-0.055413959313824535,0.055413959313824535,0.003070706886834201
ETANOL,naive_last_price,19,2024-03-25,2026-08-31,2026-09-07,4.79,4.765,-0.025000000000000355,0.025000000000000355,0.0006250000000000178
ETANOL,random_forest,19,2024-03-25,2026-08-31,2026-09-07,4.79,4.745659376214065,-0.04434062378593495,0.04434062378593495,0.0019660909177258204
ETANOL,ridge,19,2024-03-25,2026-08-31,2026-09-07,4.79,4.765506572163002,-0.02449342783699837,0.02449342783699837,0.0005999280072062467
ETANOL,hist_gradient_boosting,19,2024-03-25,2026-08-31,2026-09-14,4.79,4.772483151610956,-0.017516848389043993,0.017516848389043993,0.00030683997748475313
ETANOL,naive_last_price,19,2024-03-25,2026-08-31,2026-09-14,4.79,4.79,0.0,0.0,0.0
ETANOL,random_forest,19,2024-03-25,2026-08-31,2026-09-14,4.79,4.7669598268398286,-0.023040173160171484,0.023040173160171484,0.0005308495792506865
ETANOL,ridge,19,2024-03-25,2026-08-31,2026-09-14,4.79,4.797934326613575,0.00793432661357496,0.00793432661357496,6.29535388108839e-05
ETANOL,hist_gradient_boosting,19,2024-03-25,2026-08-31,2026-09-21,4.79,4.76118442630219,-0.02881557369780996,0.02881557369780996,0.0008303372875339171
ETANOL,naive_last_price,19,2024-03-25,2026-08-31,2026-09-21,4.79,4.79,0.0,0.0,0.0
ETANOL,random_forest,19,2024-03-25,2026-08-31,2026-09-21,4.79,4.767632114309307,-0.022367885690693257,0.022367885690693257,0.0005003223102719201
ETANOL,ridge,19,2024-03-25,2026-08-31,2026-09-21,4.79,4.7961267212407765,0.0061267212407765115,0.0061267212407765115,3.7536713162182074e-05
ETANOL,hist_gradient_boosting,19,2024-03-25,2026-08-31,2026-09-28,4.84,4.761236049266813,-0.07876395073318676,0.07876395073318676,0.006203759935099871
ETANOL,naive_last_price,19,2024-03-25,2026-08-31,2026-09-28,4.84,4.79,-0.04999999999999982,0.04999999999999982,0.0024999999999999823
ETANOL,random_forest,19,2024-03-25,2026-08-31,2026-09-28,4.84,4.765911161928354,-0.07408883807164557,0.07408883807164557,0.005489155926806518
ETANOL,ridge,19,2024-03-25,2026-08-31,2026-09-28,4.84,4.7893546229271164,-0.05064537707288341,0.05064537707288341,0.0025649542188545447
GASOLINA,hist_gradient_boosting,1,2024-03-25,2025-03-17,2025-03-24,6.19,6.057181686704707,-0.13281831329529314,0.13281831329529314,0.017640704346606643
GASOLINA,naive_last_price,1,2024-03-25,2025-03-17,2025-03-24,6.19,6.19,0.0,0.0,0.0
GASOLINA,random_forest,1,2024-03-25,2025-03-17,2025-03-24,6.19,6.196093252025761,0.006093252025760165,0.006093252025760165,3.7127720249430354e-05
GASOLINA,ridge,1,2024-03-25,2025-03-17,2025-03-24,6.19,6.188453372007114,-0.0015466279928864068,0.0015466279928864068,2.392058148379835e-06
GASOLINA,hist_gradient_boosting,1,2024-03-25,2025-03-17,2025-03-31,6.19,6.03869761112092,-0.15130238887908032,0.15130238887908032,0.02289241288051645
GASOLINA,naive_last_price,1,2024-03-25,2025-03-17,2025-03-31,6.19,6.19,0.0,0.0,0.0
GASOLINA,random_forest,1,2024-03-25,2025-03-17,2025-03-31,6.19,6.197802478216232,0.007802478216231812,0.007802478216231812,6.0878666314771955e-05
GASOLINA,ridge,1,2024-03-25,2025-03-17,2025-03-31,6.19,6.179440263700799,-0.010559736299201816,0.010559736299201816,0.00011150803070868048
GASOLINA,hist_gradient_boosting,1,2024-03-25,2025-03-17,2025-04-07,6.19,6.044200623131147,-0.1457993768688537,0.1457993768688537,0.02125745829534603
GASOLINA,naive_last_price,1,2024-03-25,2025-03-17,2025-04-07,6.19,6.19,0.0,0.0,0.0
GASOLINA,random_forest,1,2024-03-25,2025-03-17,2025-04-07,6.19,6.1973733115495655,0.007373311549565109,0.007373311549565109,5.436572320695023e-05
GASOLINA,ridge,1,2024-03-25,2025-03-17,2025-04-07,6.19,6.1674915213811055,-0.022508478618894934,0.022508478618894934,0.0005066316097372504
GASOLINA,hist_gradient_boosting,1,2024-03-25,2025-03-17,2025-04-14,6.19,6.049979828273376,-0.14002017172662473,0.14002017172662473,0.01960564849035348
GASOLINA,naive_last_price,1,2024-03-25,2025-03-17,2025-04-14,6.19,6.19,0.0,0.0,0.0
GASOLINA,random_forest,1,2024-03-25,2025-03-17,2025-04-14,6.19,6.197464978216232,0.007464978216231266,0.007464978216231266,5.572589976880734e-05
GASOLINA,ridge,1,2024-03-25,2025-03-17,2025-04-14,6.19,6.168581029555388,-0.021418970444612384,0.021418970444612384,0.00045877229490717884
GASOLINA,hist_gradient_boosting,2,2024-03-25,2025-04-14,2025-04-21,6.17,6.145672105017772,-0.024327894982228315,0.024327894982228315,0.0005918464742663296
GASOLINA,naive_last_price,2,2024-03-25,2025-04-14,2025-04-21,6.17,6.19,0.020000000000000462,0.020000000000000462,0.00040000000000001845
GASOLINA,random_forest,2,2024-03-25,2025-04-14,2025-04-21,6.17,6.188978383560911,0.01897838356091075,0.01897838356091075,0.0003601790425850474
GASOLINA,ridge,2,2024-03-25,2025-04-14,2025-04-21,6.17,6.175310361105873,0.005310361105872907,0.005310361105872907,2.8199935074767727e-05
GASOLINA,hist_gradient_boosting,2,2024-03-25,2025-04-14,2025-04-28,6.19,6.137239359891264,-0.05276064010873682,0.05276064010873682,0.002783685144683649
GASOLINA,naive_last_price,2,2024-03-25,2025-04-14,2025-04-28,6.19,6.17,-0.020000000000000462,0.020000000000000462,0.00040000000000001845
GASOLINA,random_forest,2,2024-03-25,2025-04-14,2025-04-28,6.19,6.185925060148216,-0.004074939851784087,0.004074939851784087,1.660513479565812e-05
GASOLINA,ridge,2,2024-03-25,2025-04-14,2025-04-28,6.19,6.175936885644647,-0.01406311435535379,0.01406311435535379,0.00019777118537175783
GASOLINA,hist_gradient_boosting,2,2024-03-25,2025-04-14,2025-05-05,6.19,6.1598484415462345,-0.030151558453765936,0.030151558453765936,0.0009091164771908641
GASOLINA,naive_last_price,2,2024-03-25,2025-04-14,2025-05-05,6.19,6.19,0.0,0.0,0.0
GASOLINA,random_forest,2,2024-03-25,2025-04-14,2025-05-05,6.19,6.188986716894243,-0.0010132831057569902,0.0010132831057569902,1.0267426524125317e-06
GASOLINA,ridge,2,2024-03-25,2025-04-14,2025-05-05,6.19,6.1836150879796214,-0.006384912020378941,0.006384912020378941,4.076710150797949e-05
GASOLINA,hist_gradient_boosting,2,2024-03-25,2025-04-14,2025-05-12,6.19,6.166295628162366,-0.023704371837633964,0.023704371837633964,0.0005618972442168142
GASOLINA,naive_last_price,2,2024-03-25,2025-04-14,2025-05-12,6.19,6.19,0.0,0.0,0.0
GASOLINA,random_forest,2,2024-03-25,2025-04-14,2025-05-12,6.19,6.188082389971166,-0.0019176100288342823,0.0019176100288342823,3.677228222685817e-06
GASOLINA,ridge,2,2024-03-25,2025-04-14,2025-05-12,6.19,6.189707252178762,-0.00029274782123867027,0.00029274782123867027,8.570128683998844e-08
GASOLINA,hist_gradient_boosting,3,2024-03-25,2025-05-12,2025-05-19,6.19,6.161637505170193,-0.028362494829807794,0.028362494829807794,0.0008044311129708738
GASOLINA,naive_last_price,3,2024-03-25,2025-05-12,2025-05-19,6.19,6.19,0.0,0.0,0.0
GASOLINA,random_forest,3,2024-03-25,2025-05-12,2025-05-19,6.19,6.178455477092374,-0.011544522907626309,0.011544522907626309,0.0001332760091647086
GASOLINA,ridge,3,2024-03-25,2025-05-12,2025-05-19,6.19,6.192692155333054,0.0026921553330536696,0.0026921553330536696,7.247700337289315e-06
GASOLINA,hist_gradient_boosting,3,2024-03-25,2025-05-12,2025-05-26,6.19,6.15271655507376,-0.03728344492624025,0.03728344492624025,0.0013900552655679898
GASOLINA,naive_last_price,3,2024-03-25,2025-05-12,2025-05-26,6.19,6.19,0.0,0.0,0.0
GASOLINA,random_forest,3,2024-03-25,2025-05-12,2025-05-26,6.19,6.173932381854274,-0.016067618145726215,0.016067618145726215,0.00025816835287687033
GASOLINA,ridge,3,2024-03-25,2025-05-12,2025-05-26,6.19,6.196211863484309,0.006211863484308466,0.006211863484308466,3.858724794768492e-05
GASOLINA,hist_gradient_boosting,3,2024-03-25,2025-05-12,2025-06-02,6.19,6.153106473142598,-0.036893526857402215,0.036893526857402215,0.0013611323239778586
GASOLINA,naive_last_price,3,2024-03-25,2025-05-12,2025-06-02,6.19,6.19,0.0,0.0,0.0
GASOLINA,random_forest,3,2024-03-25,2025-05-12,2025-06-02,6.19,6.171215715187607,-0.01878428481239336,0.01878428481239336,0.00035284935591311183
GASOLINA,ridge,3,2024-03-25,2025-05-12,2025-06-02,6.19,6.203167985605009,0.013167985605008425,0.013167985605008425,0.0001733958448937091
GASOLINA,hist_gradient_boosting,3,2024-03-25,2025-05-12,2025-06-09,6.09,6.161014886836383,0.0710148868363829,0.0710148868363829,0.005043114152384271
GASOLINA,naive_last_price,3,2024-03-25,2025-05-12,2025-06-09,6.09,6.19,0.10000000000000053,0.10000000000000053,0.010000000000000106
GASOLINA,random_forest,3,2024-03-25,2025-05-12,2025-06-09,6.09,6.171540715187606,0.08154071518760642,0.08154071518760642,0.006648888233306348
GASOLINA,ridge,3,2024-03-25,2025-05-12,2025-06-09,6.09,6.20244308786006,0.11244308786006041,0.11244308786006041,0.012643448007505265
GASOLINA,hist_gradient_boosting,4,2024-03-25,2025-06-09,2025-06-16,6.09,6.1417695352675805,0.05176953526758066,0.05176953526758066,0.0026800847818212775
GASOLINA,naive_last_price,4,2024-03-25,2025-06-09,2025-06-16,6.09,6.09,0.0,0.0,0.0
GASOLINA,random_forest,4,2024-03-25,2025-06-09,2025-06-16,6.09,6.151657033730169,0.061657033730169175,0.061657033730169175,0.0038015898084032195
GASOLINA,ridge,4,2024-03-25,2025-06-09,2025-06-16,6.09,6.163431668343741,0.07343166834374149,0.07343166834374149,0.0053922099157452455
GASOLINA,hist_gradient_boosting,4,2024-03-25,2025-06-09,2025-06-23,5.99,6.15354724869392,0.16354724869392,0.16354724869392,0.02674770255535092
GASOLINA,naive_last_price,4,2024-03-25,2025-06-09,2025-06-23,5.99,6.09,0.09999999999999964,0.09999999999999964,0.009999999999999929
GASOLINA,random_forest,4,2024-03-25,2025-06-09,2025-06-23,5.99,6.145795019841277,0.15579501984127653,0.15579501984127653,0.024272088207343747
GASOLINA,ridge,4,2024-03-25,2025-06-09,2025-06-23,5.99,6.191687245422958,0.20168724542295813,0.20168724542295813,0.04067774496630054
GASOLINA,hist_gradient_boosting,4,2024-03-25,2025-06-09,2025-06-30,5.99,6.1273137368037105,0.13731373680371028,0.13731373680371028,0.01885506231499862
GASOLINA,naive_last_price,4,2024-03-25,2025-06-09,2025-06-30,5.99,5.99,0.0,0.0,0.0
GASOLINA,random_forest,4,2024-03-25,2025-06-09,2025-06-30,5.99,6.134534637445893,0.14453463744589268,0.14453463744589268,0.020890261421615642
GASOLINA,ridge,4,2024-03-25,2025-06-09,2025-06-30,5.99,6.197059879625016,0.2070598796250156,0.2070598796250156,0.04287379375032595
GASOLINA,hist_gradient_boosting,4,2024-03-25,2025-06-09,2025-07-07,5.99,6.129509712288897,0.13950971228889664,0.13950971228889664,0.01946295982293072
GASOLINA,naive_last_price,4,2024-03-25,2025-06-09,2025-07-07,5.99,5.99,0.0,0.0,0.0
GASOLINA,random_forest,4,2024-03-25,2025-06-09,2025-07-07,5.99,6.120152941017318,0.1301529410173181,0.1301529410173181,0.016939788055457487
GASOLINA,ridge,4,2024-03-25,2025-06-09,2025-07-07,5.99,6.2042133582951555,0.2142133582951553,0.2142133582951553,0.04588736287208858
GASOLINA,hist_gradient_boosting,5,2024-03-25,2025-07-07,2025-07-14,5.99,5.984840721372413,-0.005159278627587582,0.005159278627587582,2.6618155957082008e-05
GASOLINA,naive_last_price,5,2024-03-25,2025-07-07,2025-07-14,5.99,5.99,0.0,0.0,0.0
GASOLINA,random_forest,5,2024-03-25,2025-07-07,2025-07-14,5.99,5.9992370833333135,0.0092370833333133,0.0092370833333133,8.532370850657436e-05
GASOLINA,ridge,5,2024-03-25,2025-07-07,2025-07-14,5.99,5.997886951205925,0.007886951205924753,0.007886951205924753,6.22039993246379e-05
GASOLINA,hist_gradient_boosting,5,2024-03-25,2025-07-07,2025-07-21,5.99,5.99243425700116,0.0024342570011599562,0.0024342570011599562,5.925607147696263e-06
GASOLINA,naive_last_price,5,2024-03-25,2025-07-07,2025-07-21,5.99,5.99,0.0,0.0,0.0
GASOLINA,random_forest,5,2024-03-25,2025-07-07,2025-07-21,5.99,5.999225535714265,0.009225535714264765,0.009225535714264765,8.51105092151747e-05
GASOLINA,ridge,5,2024-03-25,2025-07-07,2025-07-21,5.99,6.029848824357839,0.039848824357838986,0.039848824357838986,0.0015879288027019016
GASOLINA,hist_gradient_boosting,5,2024-03-25,2025-07-07,2025-07-28,5.99,5.990496856920789,0.000496856920788602,0.000496856920788602,2.4686679973553114e-07
GASOLINA,naive_last_price,5,2024-03-25,2025-07-07,2025-07-28,5.99,5.99,0.0,0.0,0.0
GASOLINA,random_forest,5,2024-03-25,2025-07-07,2025-07-28,5.99,5.999300535714266,0.009300535714265479,0.009300535714265479,8.649996457232768e-05
GASOLINA,ridge,5,2024-03-25,2025-07-07,2025-07-28,5.99,6.028913802221505,0.0389138022215052,0.0389138022215052,0.001514284003334423
GASOLINA,hist_gradient_boosting,5,2024-03-25,2025-07-07,2025-08-04,5.99,5.99074622321951,0.0007462232195099006,0.0007462232195099006,5.568490933357212e-07
GASOLINA,naive_last_price,5,2024-03-25,2025-07-07,2025-08-04,5.99,5.99,0.0,0.0,0.0
GASOLINA,random_forest,5,2024-03-25,2025-07-07,2025-08-04,5.99,5.999179702380933,0.009179702380932575,0.009179702380932575,8.42669358024992e-05
GASOLINA,ridge,5,2024-03-25,2025-07-07,2025-08-04,5.99,6.026122733918825,0.036122733918825034,0.036122733918825034,0.0013048519057702326
GASOLINA,hist_gradient_boosting,6,2024-03-25,2025-08-04,2025-08-11,5.99,5.995410643376913,0.005410643376912994,0.005410643376912994,2.9275061752132443e-05
GASOLINA,naive_last_price,6,2024-03-25,2025-08-04,2025-08-11,5.99,5.99,0.0,0.0,0.0
GASOLINA,random_forest,6,2024-03-25,2025-08-04,2025-08-11,5.99,5.99048208333331,0.0004820833333099017,0.0004820833333099017,2.3240434025518579e-07
GASOLINA,ridge,6,2024-03-25,2025-08-04,2025-08-11,5.99,6.001604290406987,0.011604290406986628,0.011604290406986628,0.00013465955584968187
GASOLINA,hist_gradient_boosting,6,2024-03-25,2025-08-04,2025-08-18,5.99,5.990125839016847,0.0001258390168468182,0.0001258390168468182,1.5835458160973794e-08
GASOLINA,naive_last_price,6,2024-03-25,2025-08-04,2025-08-18,5.99,5.99,0.0,0.0,0.0
GASOLINA,random_forest,6,2024-03-25,2025-08-04,2025-08-18,5.99,5.99048208333331,0.0004820833333099017,0.0004820833333099017,2.3240434025518579e-07
GASOLINA,ridge,6,2024-03-25,2025-08-04,2025-08-18,5.99,6.0193673369584,0.029367336958399548,0.029367336958399548,0.00086244048002818
GASOLINA,hist_gradient_boosting,6,2024-03-25,2025-08-04,2025-08-25,5.99,5.987273042461406,-0.002726957538594199,0.002726957538594199,7.436297417295733e-06
GASOLINA,naive_last_price,6,2024-03-25,2025-08-04,2025-08-25,5.99,5.99,0.0,0.0,0.0
GASOLINA,random_forest,6,2024-03-25,2025-08-04,2025-08-25,5.99,5.99048208333331,0.0004820833333099017,0.0004820833333099017,2.3240434025518579e-07
GASOLINA,ridge,6,2024-03-25,2025-08-04,2025-08-25,5.99,6.012659139619252,0.022659139619252144,0.022659139619252144,0.0005134366082847622
GASOLINA,hist_gradient_boosting,6,2024-03-25,2025-08-04,2025-09-01,5.99,5.986431461820555,-0.0035685381794454685,0.0035685381794454685,1.2734464738159979e-05
GASOLINA,naive_last_price,6,2024-03-25,2025-08-04,2025-09-01,5.99,5.99,0.0,0.0,0.0
GASOLINA,random_forest,6,2024-03-25,2025-08-04,2025-09-01,5.99,5.99048208333331,0.0004820833333099017,0.0004820833333099017,2.3240434025518579e-07
GASOLINA,ridge,6,2024-03-25,2025-08-04,2025-09-01,5.99,6.012103583625691,0.022103583625690426,0.022103583625690426,0.0004885684090978899
GASOLINA,hist_gradient_boosting,7,2024-03-25,2025-09-01,2025-09-08,5.99,5.991965100442532,0.001965100442531842,0.001965100442531842,3.861619749238841e-06
GASOLINA,naive_last_price,7,2024-03-25,2025-09-01,2025-09-08,5.99,5.99,0.0,0.0,0.0
GASOLINA,random_forest,7,2024-03-25,2025-09-01,2025-09-08,5.99,5.989999999999975,-2.4868995751603507e-14,2.4868995751603507e-14,6.184669496932733e-28
GASOLINA,ridge,7,2024-03-25,2025-09-01,2025-09-08,5.99,5.99399515153128,0.003995151531279717,0.003995151531279717,1.5961235757886668e-05
GASOLINA,hist_gradient_boosting,7,2024-03-25,2025-09-01,2025-09-15,5.99,5.991199715560487,0.0011997155604870358,0.0011997155604870358,1.4393174260747223e-06
GASOLINA,naive_last_price,7,2024-03-25,2025-09-01,2025-09-15,5.99,5.99,0.0,0.0,0.0
GASOLINA,random_forest,7,2024-03-25,2025-09-01,2025-09-15,5.99,5.989999999999975,-2.4868995751603507e-14,2.4868995751603507e-14,6.184669496932733e-28
GASOLINA,ridge,7,2024-03-25,2025-09-01,2025-09-15,5.99,5.984951306445243,-0.005048693554757122,0.005048693554757122,2.5489306609846107e-05
GASOLINA,hist_gradient_boosting,7,2024-03-25,2025-09-01,2025-09-22,5.99,5.991031046474874,0.0010310464748739534,0.0010310464748739534,1.063056833350006e-06
GASOLINA,naive_last_price,7,2024-03-25,2025-09-01,2025-09-22,5.99,5.99,0.0,0.0,0.0
GASOLINA,random_forest,7,2024-03-25,2025-09-01,2025-09-22,5.99,5.989999999999975,-2.4868995751603507e-14,2.4868995751603507e-14,6.184669496932733e-28
GASOLINA,ridge,7,2024-03-25,2025-09-01,2025-09-22,5.99,5.97879547152874,-0.011204528471259856,0.011204528471259856,0.00012554145826327272
GASOLINA,hist_gradient_boosting,7,2024-03-25,2025-09-01,2025-09-29,5.99,5.989977158080514,-2.284191948653813e-05,2.284191948653813e-05,5.217532858294904e-10
GASOLINA,naive_last_price,7,2024-03-25,2025-09-01,2025-09-29,5.99,5.99,0.0,0.0,0.0
GASOLINA,random_forest,7,2024-03-25,2025-09-01,2025-09-29,5.99,5.989999999999975,-2.4868995751603507e-14,2.4868995751603507e-14,6.184669496932733e-28
GASOLINA,ridge,7,2024-03-25,2025-09-01,2025-09-29,5.99,5.971249169295908,-0.018750830704092003,0.018750830704092003,0.0003515936520935194
GASOLINA,hist_gradient_boosting,8,2024-03-25,2025-09-29,2025-10-06,5.99,5.988348542992146,-0.0016514570078545177,0.0016514570078545177,2.7273102487917963e-06
GASOLINA,naive_last_price,8,2024-03-25,2025-09-29,2025-10-06,5.99,5.99,0.0,0.0,0.0
GASOLINA,random_forest,8,2024-03-25,2025-09-29,2025-10-06,5.99,5.990058333333308,5.833333330773627e-05,5.833333330773627e-05,3.4027777747914535e-09
GASOLINA,ridge,8,2024-03-25,2025-09-29,2025-10-06,5.99,5.976781462671311,-0.013218537328689273,0.013218537328689273,0.00017472972910995174
GASOLINA,hist_gradient_boosting,8,2024-03-25,2025-09-29,2025-10-13,5.99,5.987476092501279,-0.002523907498721556,0.002523907498721556,6.370109062102901e-06
GASOLINA,naive_last_price,8,2024-03-25,2025-09-29,2025-10-13,5.99,5.99,0.0,0.0,0.0
GASOLINA,random_forest,8,2024-03-25,2025-09-29,2025-10-13,5.99,5.990058333333308,5.833333330773627e-05,5.833333330773627e-05,3.4027777747914535e-09
GASOLINA,ridge,8,2024-03-25,2025-09-29,2025-10-13,5.99,5.977819551271441,-0.012180448728559057,0.012180448728559057,0.00014836333122905594
GASOLINA,hist_gradient_boosting,8,2024-03-25,2025-09-29,2025-10-20,5.99,5.987242234010147,-0.0027577659898527784,0.0027577659898527784,7.6052732547886745e-06
GASOLINA,naive_last_price,8,2024-03-25,2025-09-29,2025-10-20,5.99,5.99,0.0,0.0,0.0
GASOLINA,random_forest,8,2024-03-25,2025-09-29,2025-10-20,5.99,5.990058333333308,5.833333330773627e-05,5.833333330773627e-05,3.4027777747914535e-09
GASOLINA,ridge,8,2024-03-25,2025-09-29,2025-10-20,5.99,5.9781660072791185,-0.011833992720881703,0.011833992720881703,0.00014004338371788113
GASOLINA,hist_gradient_boosting,8,2024-03-25,2025-09-29,2025-10-27,5.99,5.987986303958838,-0.002013696041162305,0.002013696041162305,4.05497174619274e-06
GASOLINA,naive_last_price,8,2024-03-25,2025-09-29,2025-10-27,5.99,5.99,0.0,0.0,0.0
GASOLINA,random_forest,8,2024-03-25,2025-09-29,2025-10-27,5.99,5.9902583333333075,0.00025833333330727015,0.00025833333330727015,6.673611109764514e-08
GASOLINA,ridge,8,2024-03-25,2025-09-29,2025-10-27,5.99,5.963551940472912,-0.026448059527088397,0.026448059527088397,0.0006994998527484113
GASOLINA,hist_gradient_boosting,9,2024-03-25,2025-10-27,2025-11-03,5.99,5.989596342687597,-0.0004036573124031051,0.0004036573124031051,1.6293922585649798e-07
GASOLINA,naive_last_price,9,2024-03-25,2025-10-27,2025-11-03,5.99,5.99,0.0,0.0,0.0
GASOLINA,random_forest,9,2024-03-25,2025-10-27,2025-11-03,5.99,5.990058333333309,5.8333333308624447e-05,5.8333333308624447e-05,3.4027777748950744e-09
GASOLINA,ridge,9,2024-03-25,2025-10-27,2025-11-03,5.99,5.97918587421906,-0.01081412578094021,0.01081412578094021,0.00011694531640599568
GASOLINA,hist_gradient_boosting,9,2024-03-25,2025-10-27,2025-11-10,5.99,5.991104167905063,0.0011041679050629583,0.0011041679050629583,1.219186762571122e-06
GASOLINA,naive_last_price,9,2024-03-25,2025-10-27,2025-11-10,5.99,5.99,0.0,0.0,0.0
GASOLINA,random_forest,9,2024-03-25,2025-10-27,2025-11-10,5.99,5.990133333333308,0.00013333333330756147,0.00013333333330756147,1.7777777770905283e-08
GASOLINA,ridge,9,2024-03-25,2025-10-27,2025-11-10,5.99,5.990290777680773,0.0002907776807727913,0.0002907776807727913,8.455165963560333e-08
GASOLINA,hist_gradient_boosting,9,2024-03-25,2025-10-27,2025-11-17,5.99,5.989931674709254,-6.832529074607407e-05,6.832529074607407e-05,4.668345355535556e-09
GASOLINA,naive_last_price,9,2024-03-25,2025-10-27,2025-11-17,5.99,5.99,0.0,0.0,0.0
GASOLINA,random_forest,9,2024-03-25,2025-10-27,2025-11-17,5.99,5.990203333333309,0.00020333333330846415,0.00020333333330846415,4.134444443433098e-08
GASOLINA,ridge,9,2024-03-25,2025-10-27,2025-11-17,5.99,5.98213939244146,-0.007860607558540345,0.007860607558540345,6.17891511893816e-05
GASOLINA,hist_gradient_boosting,9,2024-03-25,2025-10-27,2025-11-24,5.99,5.990730107976649,0.0007301079766488527,0.0007301079766488527,5.330576575662817e-07
GASOLINA,naive_last_price,9,2024-03-25,2025-10-27,2025-11-24,5.99,5.99,0.0,0.0,0.0
GASOLINA,random_forest,9,2024-03-25,2025-10-27,2025-11-24,5.99,5.990512499999976,0.000512499999976157,0.000512499999976157,2.6265624997556093e-07
GASOLINA,ridge,9,2024-03-25,2025-10-27,2025-11-24,5.99,5.985493078692918,-0.004506921307082301,0.004506921307082301,2.0312339668232436e-05
GASOLINA,hist_gradient_boosting,10,2024-03-25,2025-11-24,2025-12-01,5.99,5.989804632405175,-0.000195367594825413,0.000195367594825413,3.816849710786674e-08
GASOLINA,naive_last_price,10,2024-03-25,2025-11-24,2025-12-01,5.99,5.99,0.0,0.0,0.0
GASOLINA,random_forest,10,2024-03-25,2025-11-24,2025-12-01,5.99,5.992422777777755,0.002422777777754348,0.002422777777754348,5.869852160380297e-06
GASOLINA,ridge,10,2024-03-25,2025-11-24,2025-12-01,5.99,5.988890431559835,-0.0011095684401656314,0.0011095684401656314,1.2311421234115923e-06
GASOLINA,hist_gradient_boosting,10,2024-03-25,2025-11-24,2025-12-08,5.99,5.985650392666522,-0.004349607333478112,0.004349607333478112,1.8919083955446568e-05
GASOLINA,naive_last_price,10,2024-03-25,2025-11-24,2025-12-08,5.99,5.99,0.0,0.0,0.0
GASOLINA,random_forest,10,2024-03-25,2025-11-24,2025-12-08,5.99,5.993306111111093,0.003306111111093024,0.003306111111093024,1.093037067889275e-05
GASOLINA,ridge,10,2024-03-25,2025-11-24,2025-12-08,5.99,6.000477383941403,0.010477383941402962,0.010477383941402962,0.00010977557425556867
GASOLINA,hist_gradient_boosting,10,2024-03-25,2025-11-24,2025-12-15,5.99,5.984674001388869,-0.005325998611131588,0.005325998611131588,2.8366261205775606e-05
GASOLINA,naive_last_price,10,2024-03-25,2025-11-24,2025-12-15,5.99,5.99,0.0,0.0,0.0
GASOLINA,random_forest,10,2024-03-25,2025-11-24,2025-12-15,5.99,5.995519117063476,0.0055191170634758535,0.0055191170634758535,3.046065316035033e-05
GASOLINA,ridge,10,2024-03-25,2025-11-24,2025-12-15,5.99,6.0038811140326525,0.013881114032652242,0.013881114032652242,0.000192685326787495
GASOLINA,hist_gradient_boosting,10,2024-03-25,2025-11-24,2025-12-22,6.03,5.990406366263734,-0.03959363373626612,0.03959363373626612,0.0015676558324415907
GASOLINA,naive_last_price,10,2024-03-25,2025-11-24,2025-12-22,6.03,5.99,-0.040000000000000036,0.040000000000000036,0.001600000000000003
GASOLINA,random_forest,10,2024-03-25,2025-11-24,2025-12-22,6.03,5.998229867424228,-0.031770132575772436,0.031770132575772436,0.001009341323882157
GASOLINA,ridge,10,2024-03-25,2025-11-24,2025-12-22,6.03,5.999106484077775,-0.030893515922225667,0.030893515922225667,0.0009544093260368109
GASOLINA,hist_gradient_boosting,11,2024-03-25,2025-12-22,2025-12-29,6.03,6.064611413005216,0.03461141300521575,0.03461141300521575,0.001197949910217618
GASOLINA,naive_last_price,11,2024-03-25,2025-12-22,2025-12-29,6.03,6.03,0.0,0.0,0.0
GASOLINA,random_forest,11,2024-03-25,2025-12-22,2025-12-29,6.03,6.063819678932171,0.03381967893217119,0.03381967893217119,0.001143770683075144
GASOLINA,ridge,11,2024-03-25,2025-12-22,2025-12-29,6.03,6.108260346845209,0.07826034684520877,0.07826034684520877,0.006124681888332379
GASOLINA,hist_gradient_boosting,11,2024-03-25,2025-12-22,2026-01-05,6.19,6.088596563805816,-0.10140343619418424,0.10140343619418424,0.010282656871987993
GASOLINA,naive_last_price,11,2024-03-25,2025-12-22,2026-01-05,6.19,6.03,-0.16000000000000014,0.16000000000000014,0.025600000000000046
GASOLINA,random_forest,11,2024-03-25,2025-12-22,2026-01-05,6.19,6.080694443542562,-0.10930555645743834,0.10930555645743834,0.01194770467247024
GASOLINA,ridge,11,2024-03-25,2025-12-22,2026-01-05,6.19,6.071947152542975,-0.11805284745702505,0.11805284745702505,0.013936474792711625
GASOLINA,hist_gradient_boosting,11,2024-03-25,2025-12-22,2026-01-12,6.19,6.110178324561396,-0.07982167543860452,0.07982167543860452,0.006371499869825921
GASOLINA,naive_last_price,11,2024-03-25,2025-12-22,2026-01-12,6.19,6.19,0.0,0.0,0.0
GASOLINA,random_forest,11,2024-03-25,2025-12-22,2026-01-12,6.19,6.135373600288602,-0.054626399711398044,0.054626399711398044,0.002984043545429428
GASOLINA,ridge,11,2024-03-25,2025-12-22,2026-01-12,6.19,6.22082592995234,0.030825929952339237,0.030825929952339237,0.0009502379574265254
GASOLINA,hist_gradient_boosting,11,2024-03-25,2025-12-22,2026-01-19,6.19,6.176217123839918,-0.013782876160082225,0.013782876160082225,0.00018996767524416294
GASOLINA,naive_last_price,11,2024-03-25,2025-12-22,2026-01-19,6.19,6.19,0.0,0.0,0.0
GASOLINA,random_forest,11,2024-03-25,2025-12-22,2026-01-19,6.19,6.155969989177496,-0.03403001082250423,0.03403001082250423,0.0011580416365797551
GASOLINA,ridge,11,2024-03-25,2025-12-22,2026-01-19,6.19,6.204366011642324,0.014366011642323429,0.014366011642323429,0.0002063822905073723
GASOLINA,hist_gradient_boosting,12,2024-03-25,2026-01-19,2026-01-26,6.19,6.192482398275363,0.002482398275362563,0.002482398275362563,6.162301197523026e-06
GASOLINA,naive_last_price,12,2024-03-25,2026-01-19,2026-01-26,6.19,6.19,0.0,0.0,0.0
GASOLINA,random_forest,12,2024-03-25,2026-01-19,2026-01-26,6.19,6.188281706349229,-0.0017182936507715851,0.0017182936507715851,2.952533070281942e-06
GASOLINA,ridge,12,2024-03-25,2026-01-19,2026-01-26,6.19,6.211711907288485,0.021711907288485044,0.021711907288485044,0.00047140691810377
GASOLINA,hist_gradient_boosting,12,2024-03-25,2026-01-19,2026-02-02,6.19,6.224990305808543,0.034990305808542566,0.034990305808542566,0.0012243215005753275
GASOLINA,naive_last_price,12,2024-03-25,2026-01-19,2026-02-02,6.19,6.19,0.0,0.0,0.0
GASOLINA,random_forest,12,2024-03-25,2026-01-19,2026-02-02,6.19,6.195498660714309,0.005498660714308379,0.005498660714308379,3.023526965107833e-05
GASOLINA,ridge,12,2024-03-25,2026-01-19,2026-02-02,6.19,6.206045850539244,0.016045850539243567,0.016045850539243567,0.00025746931952774305
GASOLINA,hist_gradient_boosting,12,2024-03-25,2026-01-19,2026-02-09,6.19,6.22991204523033,0.03991204523032987,0.03991204523032987,0.0015929713544678976
GASOLINA,naive_last_price,12,2024-03-25,2026-01-19,2026-02-09,6.19,6.19,0.0,0.0,0.0
GASOLINA,random_forest,12,2024-03-25,2026-01-19,2026-02-09,6.19,6.19654491071431,0.006544910714309182,0.006544910714309182,4.283585625827913e-05
GASOLINA,ridge,12,2024-03-25,2026-01-19,2026-02-09,6.19,6.193274733123696,0.003274733123695306,0.003274733123695306,1.0723877031427216e-05
GASOLINA,hist_gradient_boosting,12,2024-03-25,2026-01-19,2026-02-16,6.19,6.230245828919222,0.04024582891922179,0.04024582891922179,0.0016197267453952693
GASOLINA,naive_last_price,12,2024-03-25,2026-01-19,2026-02-16,6.19,6.19,0.0,0.0,0.0
GASOLINA,random_forest,12,2024-03-25,2026-01-19,2026-02-16,6.19,6.196532410714309,0.006532410714308767,0.006532410714308767,4.267238974041598e-05
GASOLINA,ridge,12,2024-03-25,2026-01-19,2026-02-16,6.19,6.187226373215005,-0.0027736267849958196,0.0027736267849958196,7.693005542446246e-06
GASOLINA,hist_gradient_boosting,13,2024-03-25,2026-02-16,2026-02-23,6.19,6.189535221542196,-0.00046477845780401594,0.00046477845780401594,2.1601901483867942e-07
GASOLINA,naive_last_price,13,2024-03-25,2026-02-16,2026-02-23,6.19,6.19,0.0,0.0,0.0
GASOLINA,random_forest,13,2024-03-25,2026-02-16,2026-02-23,6.19,6.1903561607143205,0.0003561607143200973,0.0003561607143200973,1.26850454425002e-07
GASOLINA,ridge,13,2024-03-25,2026-02-16,2026-02-23,6.19,6.182346660670448,-0.007653339329552367,0.007653339329552367,5.857360289327307e-05
GASOLINA,hist_gradient_boosting,13,2024-03-25,2026-02-16,2026-03-02,6.19,6.1897691610611485,-0.0002308389388518961,0.0002308389388518961,5.328661569026943e-08
GASOLINA,naive_last_price,13,2024-03-25,2026-02-16,2026-03-02,6.19,6.19,0.0,0.0,0.0
GASOLINA,random_forest,13,2024-03-25,2026-02-16,2026-03-02,6.19,6.1892267788461846,-0.0007732211538158396,0.0007732211538158396,5.978709527082982e-07
GASOLINA,ridge,13,2024-03-25,2026-02-16,2026-03-02,6.19,6.176832668672531,-0.013167331327469611,0.013167331327469611,0.00017337861428736264
GASOLINA,hist_gradient_boosting,13,2024-03-25,2026-02-16,2026-03-09,6.29,6.191765345205621,-0.09823465479437932,0.09823465479437932,0.009650047402570871
GASOLINA,naive_last_price,13,2024-03-25,2026-02-16,2026-03-09,6.29,6.19,-0.09999999999999964,0.09999999999999964,0.009999999999999929
GASOLINA,random_forest,13,2024-03-25,2026-02-16,2026-03-09,6.29,6.188402641941425,-0.10159735805857473,0.10159735805857473,0.010322023164482238
GASOLINA,ridge,13,2024-03-25,2026-02-16,2026-03-09,6.29,6.179037026543485,-0.11096297345651518,0.11096297345651518,0.012312781478311292
GASOLINA,hist_gradient_boosting,13,2024-03-25,2026-02-16,2026-03-16,6.49,6.19129204251365,-0.29870795748635004,0.29870795748635004,0.0892264438656671
GASOLINA,naive_last_price,13,2024-03-25,2026-02-16,2026-03-16,6.49,6.29,-0.20000000000000018,0.20000000000000018,0.04000000000000007
GASOLINA,random_forest,13,2024-03-25,2026-02-16,2026-03-16,6.49,6.190796329365112,-0.2992036706348884,0.2992036706348884,0.08952283652139077
GASOLINA,ridge,13,2024-03-25,2026-02-16,2026-03-16,6.49,6.266562510243968,-0.22343748975603184,0.22343748975603184,0.049924311828476835
GASOLINA,hist_gradient_boosting,14,2024-03-25,2026-03-16,2026-03-23,6.79,6.298701472729294,-0.4912985272707058,0.4912985272707058,0.24137424289836443
GASOLINA,naive_last_price,14,2024-03-25,2026-03-16,2026-03-23,6.79,6.49,-0.2999999999999998,0.2999999999999998,0.0899999999999999
GASOLINA,random_forest,14,2024-03-25,2026-03-16,2026-03-23,6.79,6.270524576465204,-0.5194754235347965,0.5194754235347965,0.2698547156566562
GASOLINA,ridge,14,2024-03-25,2026-03-16,2026-03-23,6.79,6.494501151912161,-0.2954988480878393,0.2954988480878393,0.08731956922123994
GASOLINA,hist_gradient_boosting,14,2024-03-25,2026-03-16,2026-03-30,6.69,6.310035181173146,-0.3799648188268545,0.3799648188268545,0.14437326354612437
GASOLINA,naive_last_price,14,2024-03-25,2026-03-16,2026-03-30,6.69,6.79,0.09999999999999964,0.09999999999999964,0.009999999999999929
GASOLINA,random_forest,14,2024-03-25,2026-03-16,2026-03-30,6.69,6.2739491765873,-0.41605082341270005,0.41605082341270005,0.17309828766238572
GASOLINA,ridge,14,2024-03-25,2026-03-16,2026-03-30,6.69,6.772009635157553,0.08200963515755255,0.08200963515755255,0.006725580258674879
GASOLINA,hist_gradient_boosting,14,2024-03-25,2026-03-16,2026-05-04,6.75,6.229033514323546,-0.5209664856764542,0.5209664856764542,0.2714060791980752
GASOLINA,naive_last_price,14,2024-03-25,2026-03-16,2026-05-04,6.75,6.69,-0.05999999999999961,0.05999999999999961,0.003599999999999953
GASOLINA,random_forest,14,2024-03-25,2026-03-16,2026-05-04,6.75,6.2573430952381,-0.49265690476190027,0.49265690476190027,0.24271082580957606
GASOLINA,ridge,14,2024-03-25,2026-03-16,2026-05-04,6.75,6.864397854409053,0.11439785440905315,0.11439785440905315,0.01308686909339492
GASOLINA,hist_gradient_boosting,14,2024-03-25,2026-03-16,2026-05-11,6.69,6.243081095983947,-0.4469189040160533,0.4469189040160533,0.19973650676691024
GASOLINA,naive_last_price,14,2024-03-25,2026-03-16,2026-05-11,6.69,6.75,0.05999999999999961,0.05999999999999961,0.003599999999999953
GASOLINA,random_forest,14,2024-03-25,2026-03-16,2026-05-11,6.69,6.2588828174603215,-0.4311171825396789,0.4311171825396789,0.18586202508095082
GASOLINA,ridge,14,2024-03-25,2026-03-16,2026-05-11,6.69,6.774522995222204,0.08452299522220397,0.08452299522220397,0.007144136721332715
GASOLINA,hist_gradient_boosting,15,2024-03-25,2026-05-11,2026-05-18,6.64,6.661203705201762,0.021203705201762624,0.021203705201762624,0.00044959711428325537
GASOLINA,naive_last_price,15,2024-03-25,2026-05-11,2026-05-18,6.64,6.69,0.05000000000000071,0.05000000000000071,0.002500000000000071
GASOLINA,random_forest,15,2024-03-25,2026-05-11,2026-05-18,6.64,6.632054359668121,-0.0079456403318785,0.0079456403318785,6.313320028357429e-05
GASOLINA,ridge,15,2024-03-25,2026-05-11,2026-05-18,6.64,6.659442247571688,0.01944224757168822,0.01944224757168822,0.0003780009906388165
GASOLINA,hist_gradient_boosting,15,2024-03-25,2026-05-11,2026-05-25,6.65,6.655737173376387,0.005737173376386906,0.005737173376386906,3.291515835072273e-05
GASOLINA,naive_last_price,15,2024-03-25,2026-05-11,2026-05-25,6.65,6.64,-0.010000000000000675,0.010000000000000675,0.0001000000000000135
GASOLINA,random_forest,15,2024-03-25,2026-05-11,2026-05-25,6.65,6.632535312049074,-0.017464687950925928,0.017464687950925928,0.0003050153252232173
GASOLINA,ridge,15,2024-03-25,2026-05-11,2026-05-25,6.65,6.630816788226953,-0.01918321177304705,0.01918321177304705,0.0003679956139295709
GASOLINA,hist_gradient_boosting,15,2024-03-25,2026-05-11,2026-06-01,6.645,6.664514965347496,0.019514965347496194,0.019514965347496194,0.0003808338725139772
GASOLINA,naive_last_price,15,2024-03-25,2026-05-11,2026-06-01,6.645,6.65,0.005000000000000782,0.005000000000000782,2.5000000000007818e-05
GASOLINA,random_forest,15,2024-03-25,2026-05-11,2026-06-01,6.645,6.628593645382407,-0.01640635461759299,0.01640635461759299,0.0002691684718382148
GASOLINA,ridge,15,2024-03-25,2026-05-11,2026-06-01,6.645,6.662929654329444,0.01792965432944449,0.01792965432944449,0.0003214725043733675
GASOLINA,hist_gradient_boosting,15,2024-03-25,2026-05-11,2026-06-08,6.69,6.608157971561041,-0.0818420284389596,0.0818420284389596,0.006698117619003473
GASOLINA,naive_last_price,15,2024-03-25,2026-05-11,2026-06-08,6.69,6.645,-0.04500000000000082,0.04500000000000082,0.0020250000000000736
GASOLINA,random_forest,15,2024-03-25,2026-05-11,2026-06-08,6.69,6.595558288239549,-0.09444171176045124,0.09444171176045124,0.008919236920244154
GASOLINA,ridge,15,2024-03-25,2026-05-11,2026-06-08,6.69,6.626975138356948,-0.06302486164305243,0.06302486164305243,0.003972133185125902
GASOLINA,hist_gradient_boosting,16,2024-03-25,2026-06-08,2026-06-15,6.79,6.66929909000537,-0.12070090999463012,0.12070090999463012,0.014568709673531802
GASOLINA,naive_last_price,16,2024-03-25,2026-06-08,2026-06-15,6.79,6.69,-0.09999999999999964,0.09999999999999964,0.009999999999999929
GASOLINA,random_forest,16,2024-03-25,2026-06-08,2026-06-15,6.79,6.646460984189421,-0.14353901581057915,0.14353901581057915,0.020603449059869692
GASOLINA,ridge,16,2024-03-25,2026-06-08,2026-06-15,6.79,6.648497468360715,-0.1415025316392846,0.1415025316392846,0.02002296646032674
GASOLINA,hist_gradient_boosting,16,2024-03-25,2026-06-08,2026-06-22,6.79,6.668568944626529,-0.12143105537347143,0.12143105537347143,0.014745501209115084
GASOLINA,naive_last_price,16,2024-03-25,2026-06-08,2026-06-22,6.79,6.79,0.0,0.0,0.0
GASOLINA,random_forest,16,2024-03-25,2026-06-08,2026-06-22,6.79,6.645010310939058,-0.14498968906094234,0.14498968906094234,0.021022009933988742
GASOLINA,ridge,16,2024-03-25,2026-06-08,2026-06-22,6.79,6.776460435833809,-0.013539564166190843,0.013539564166190843,0.00018331979781039914
GASOLINA,hist_gradient_boosting,16,2024-03-25,2026-06-08,2026-06-29,6.69,6.676418876084483,-0.013581123915517246,0.013581123915517246,0.00018444692680863448
GASOLINA,naive_last_price,16,2024-03-25,2026-06-08,2026-06-29,6.69,6.79,0.09999999999999964,0.09999999999999964,0.009999999999999929
GASOLINA,random_forest,16,2024-03-25,2026-06-08,2026-06-29,6.69,6.665428703796202,-0.024571296203798276,0.024571296203798276,0.0006037485971347916
GASOLINA,ridge,16,2024-03-25,2026-06-08,2026-06-29,6.69,6.754940266189145,0.0649402661891445,0.0649402661891445,0.004217238172716945
GASOLINA,hist_gradient_boosting,16,2024-03-25,2026-06-08,2026-07-06,6.79,6.669267769314709,-0.12073223068529071,0.12073223068529071,0.014576271526246251
GASOLINA,naive_last_price,16,2024-03-25,2026-06-08,2026-07-06,6.79,6.69,-0.09999999999999964,0.09999999999999964,0.009999999999999929
GASOLINA,random_forest,16,2024-03-25,2026-06-08,2026-07-06,6.79,6.646319476252914,-0.1436805237470864,0.1436805237470864,0.02064409290423706
GASOLINA,ridge,16,2024-03-25,2026-06-08,2026-07-06,6.79,6.629227370814315,-0.16077262918568547,0.16077262918568547,0.02584783829527792
GASOLINA,hist_gradient_boosting,17,2024-03-25,2026-07-06,2026-07-13,6.59,6.7268615195162695,0.13686151951626968,0.13686151951626968,0.018731075524302268
GASOLINA,naive_last_price,17,2024-03-25,2026-07-06,2026-07-13,6.59,6.79,0.20000000000000018,0.20000000000000018,0.04000000000000007
GASOLINA,random_forest,17,2024-03-25,2026-07-06,2026-07-13,6.59,6.727558497023803,0.13755849702380285,0.13755849702380285,0.018922340103447576
GASOLINA,ridge,17,2024-03-25,2026-07-06,2026-07-13,6.59,6.811729877994247,0.22172987799424693,0.22172987799424693,0.04916413879534363
GASOLINA,hist_gradient_boosting,17,2024-03-25,2026-07-06,2026-07-20,6.59,6.713302171243099,0.1233021712430995,0.1233021712430995,0.015203425433262634
GASOLINA,naive_last_price,17,2024-03-25,2026-07-06,2026-07-20,6.59,6.59,0.0,0.0,0.0
GASOLINA,random_forest,17,2024-03-25,2026-07-06,2026-07-20,6.59,6.7231189285714255,0.1331189285714256,0.1331189285714256,0.01772064914400431
GASOLINA,ridge,17,2024-03-25,2026-07-06,2026-07-20,6.59,6.564053796224596,-0.02594620377540391,0.02594620377540391,0.0006732054903547841
GASOLINA,hist_gradient_boosting,17,2024-03-25,2026-07-06,2026-07-27,6.69,6.719296049063522,0.02929604906352168,0.02929604906352168,0.0008582584907322695
GASOLINA,naive_last_price,17,2024-03-25,2026-07-06,2026-07-27,6.69,6.59,-0.10000000000000053,0.10000000000000053,0.010000000000000106
GASOLINA,random_forest,17,2024-03-25,2026-07-06,2026-07-27,6.69,6.726566646825395,0.03656664682539468,0.03656664682539468,0.0013371196600531466
GASOLINA,ridge,17,2024-03-25,2026-07-06,2026-07-27,6.69,6.603603457490634,-0.08639654250936601,0.08639654250936601,0.007464362557572689
GASOLINA,hist_gradient_boosting,17,2024-03-25,2026-07-06,2026-08-03,6.64,6.722198320210272,0.08219832021027251,0.08219832021027251,0.006756563845390495
GASOLINA,naive_last_price,17,2024-03-25,2026-07-06,2026-08-03,6.64,6.69,0.05000000000000071,0.05000000000000071,0.002500000000000071
GASOLINA,random_forest,17,2024-03-25,2026-07-06,2026-08-03,6.64,6.7320199206349125,0.09201992063491282,0.09201992063491282,0.008467665793655654
GASOLINA,ridge,17,2024-03-25,2026-07-06,2026-08-03,6.64,6.713138100644149,0.07313810064414916,0.07313810064414916,0.005349181765833692
GASOLINA,hist_gradient_boosting,18,2024-03-25,2026-08-03,2026-08-10,6.65,6.659625534128123,0.009625534128122837,0.009625534128122837,9.265090725165746e-05
GASOLINA,naive_last_price,18,2024-03-25,2026-08-03,2026-08-10,6.65,6.64,-0.010000000000000675,0.010000000000000675,0.0001000000000000135
GASOLINA,random_forest,18,2024-03-25,2026-08-03,2026-08-10,6.65,6.678557022456711,0.028557022456710435,0.028557022456710435,0.000815503531593064
GASOLINA,ridge,18,2024-03-25,2026-08-03,2026-08-10,6.65,6.643660557017356,-0.006339442982643995,0.006339442982643995,4.018853733019419e-05
GASOLINA,hist_gradient_boosting,18,2024-03-25,2026-08-03,2026-08-17,6.59,6.666365879414615,0.07636587941461492,0.07636587941461492,0.005831747538767507
GASOLINA,naive_last_price,18,2024-03-25,2026-08-03,2026-08-17,6.59,6.65,0.0600000000000005,0.0600000000000005,0.0036000000000000597
GASOLINA,random_forest,18,2024-03-25,2026-08-03,2026-08-17,6.59,6.673043437500002,0.08304343750000243,0.08304343750000243,0.006896212511816809
GASOLINA,ridge,18,2024-03-25,2026-08-03,2026-08-17,6.59,6.651668265551323,0.06166826555132321,0.06166826555132321,0.0038029749761085167
GASOLINA,hist_gradient_boosting,18,2024-03-25,2026-08-03,2026-08-24,6.59,6.621649875943629,0.031649875943629446,0.031649875943629446,0.0010017146472471338
GASOLINA,naive_last_price,18,2024-03-25,2026-08-03,2026-08-24,6.59,6.59,0.0,0.0,0.0
GASOLINA,random_forest,18,2024-03-25,2026-08-03,2026-08-24,6.59,6.662489131944449,0.07248913194444917,0.07248913194444917,0.005254674250059761
GASOLINA,ridge,18,2024-03-25,2026-08-03,2026-08-24,6.59,6.577547158968822,-0.01245284103117772,0.01245284103117772,0.00015507324974778336
GASOLINA,hist_gradient_boosting,18,2024-03-25,2026-08-03,2026-08-31,6.59,6.633571702716461,0.04357170271646105,0.04357170271646105,0.001898493277611659
GASOLINA,naive_last_price,18,2024-03-25,2026-08-03,2026-08-31,6.59,6.59,0.0,0.0,0.0
GASOLINA,random_forest,18,2024-03-25,2026-08-03,2026-08-31,6.59,6.671564742063496,0.08156474206349618,0.08156474206349618,0.006652807147884662
GASOLINA,ridge,18,2024-03-25,2026-08-03,2026-08-31,6.59,6.5764126612532685,-0.013587338746731348,0.013587338746731348,0.000184615774218427
GASOLINA,hist_gradient_boosting,19,2024-03-25,2026-08-31,2026-09-07,6.69,6.593312959765296,-0.09668704023470465,0.09668704023470465,0.009348383749347395
GASOLINA,naive_last_price,19,2024-03-25,2026-08-31,2026-09-07,6.69,6.59,-0.10000000000000053,0.10000000000000053,0.010000000000000106
GASOLINA,random_forest,19,2024-03-25,2026-08-31,2026-09-07,6.69,6.603651024739148,-0.08634897526085261,0.08634897526085261,0.007456145528599336
GASOLINA,ridge,19,2024-03-25,2026-08-31,2026-09-07,6.69,6.568343939355817,-0.12165606064418366,0.12165606064418366,0.014800197091461293
GASOLINA,hist_gradient_boosting,19,2024-03-25,2026-08-31,2026-09-14,6.59,6.643902587797922,0.05390258779792223,0.05390258779792223,0.0029054889713127146
GASOLINA,naive_last_price,19,2024-03-25,2026-08-31,2026-09-14,6.59,6.69,0.10000000000000053,0.10000000000000053,0.010000000000000106
GASOLINA,random_forest,19,2024-03-25,2026-08-31,2026-09-14,6.59,6.620674293588361,0.030674293588361046,0.030674293588361046,0.0009409122871449675
GASOLINA,ridge,19,2024-03-25,2026-08-31,2026-09-14,6.59,6.671714241748509,0.08171424174850905,0.08171424174850905,0.00667721730453378
GASOLINA,hist_gradient_boosting,19,2024-03-25,2026-08-31,2026-09-21,6.59,6.597345059939738,0.007345059939738441,0.007345059939738441,5.394990551835047e-05
GASOLINA,naive_last_price,19,2024-03-25,2026-08-31,2026-09-21,6.59,6.59,0.0,0.0,0.0
GASOLINA,random_forest,19,2024-03-25,2026-08-31,2026-09-21,6.59,6.59088210248085,0.0008821024808502997,0.0008821024808502997,7.781047867222535e-07
GASOLINA,ridge,19,2024-03-25,2026-08-31,2026-09-21,6.59,6.577675654343367,-0.012324345656632651,0.012324345656632651,0.0001518894958641601
GASOLINA,hist_gradient_boosting,19,2024-03-25,2026-08-31,2026-09-28,6.59,6.6044048260167925,0.014404826016792605,0.014404826016792605,0.0002074990125740651
GASOLINA,naive_last_price,19,2024-03-25,2026-08-31,2026-09-28,6.59,6.59,0.0,0.0,0.0
GASOLINA,random_forest,19,2024-03-25,2026-08-31,2026-09-28,6.59,6.591749880258627,0.0017498802586271012,0.0017498802586271012,3.0620809195328504e-06
GASOLINA,ridge,19,2024-03-25,2026-08-31,2026-09-28,6.59,6.5761536390483535,-0.013846360951646375,0.013846360951646375,0.0001917217116032775
